{"stats":{"minecraft:killed":{"minecraft:blaze":6},"minecraft:custom":{"minecraft:jump":50,"minecraft:time_since_rest":1681,"minecraft:damage_dealt":1150,"minecraft:leave_game":1,"minecraft:sprint_one_cm":5024,"minecraft:play_time":1681,"minecraft:damage_taken":126,"minecraft:time_since_death":1681,"minecraft:walk_one_cm":3714,"minecraft:damage_blocked_by_shield":295,"minecraft:total_world_time":1681,"minecraft:mob_kills":6,"minecraft:drop":1,"minecraft:fall_one_cm":418,"minecraft:fly_one_cm":3928},"minecraft:picked_up":{"minecraft:blaze_rod":5,"minecraft:diamond_pickaxe":1},"minecraft:used":{"morebows:diamond_bow":3,"minecraft:shield":10,"minecraft:diamond_sword":17,"minecraft:cooked_porkchop":1},"minecraft:dropped":{"minecraft:diamond_pickaxe":1},"minecraft:mined":{"minecraft:fire":2}},"DataVersion":3465}