{"stats":{"minecraft:dropped":{"minecraft:iron_ingot":18,"minecraft:wheat_seeds":4,"minecraft:lapis_lazuli":29,"minecraft:mossy_cobblestone":2,"minecraft:diamond":1,"minecraft:smithing_table":1,"minecraft:cobblestone":19,"minecraft:lantern":6,"minecraft:leather":1,"minecraft:cracked_stone_bricks":11,"minecraft:spruce_stairs":7,"minecraft:stick":16,"minecraft:diorite":12,"minecraft:dispenser":2,"minecraft:rose_bush":1,"minecraft:string":9,"minecraft:lily_pad":1,"minecraft:white_wool":5,"minecraft:music_disc_cat":1,"minecraft:armor_stand":1,"minecraft:furnace":1,"minecraft:iron_nugget":6,"minecraft:stone_sword":1,"minecraft:tuff":1,"minecraft:rotten_flesh":18,"minecraft:grindstone":1,"minecraft:light_gray_wool":1,"minecraft:oak_planks":10,"minecraft:white_bed":1,"minecraft:cobblestone_slab":1,"minecraft:potato":24,"minecraft:jungle_stairs":1,"minecraft:oak_sapling":3,"minecraft:mossy_stone_bricks":3,"minecraft:chest":1,"minecraft:golden_leggings":1,"minecraft:spider_eye":1,"minecraft:sandstone":10,"minecraft:glass":6,"minecraft:beef":4,"minecraft:stone_pickaxe":1,"minecraft:stone_brick_stairs":4},"minecraft:custom":{"minecraft:mob_kills":47,"minecraft:interact_with_crafting_table":16,"minecraft:open_barrel":9,"minecraft:interact_with_campfire":1,"minecraft:leave_game":3,"minecraft:time_since_death":25909,"minecraft:climb_one_cm":4937,"minecraft:sprint_one_cm":397967,"minecraft:walk_one_cm":150917,"minecraft:damage_blocked_by_shield":835,"minecraft:drop":81,"minecraft:talked_to_villager":4,"minecraft:play_time":132265,"minecraft:deaths":11,"minecraft:sneak_time":22,"minecraft:walk_under_water_one_cm":26210,"minecraft:boat_one_cm":251618,"minecraft:jump":1916,"minecraft:walk_on_water_one_cm":31614,"minecraft:total_world_time":132265,"minecraft:interact_with_furnace":49,"minecraft:sleep_in_bed":5,"minecraft:time_since_rest":6285,"minecraft:damage_taken":4565,"minecraft:damage_absorbed":13,"minecraft:trigger_trapped_chest":1,"minecraft:damage_dealt":8536,"minecraft:swim_one_cm":98859,"minecraft:fly_one_cm":231537,"minecraft:open_chest":26,"minecraft:crouch_one_cm":66,"minecraft:fall_one_cm":40309},"minecraft:used":{"minecraft:stone_sword":70,"minecraft:flint_and_steel":2,"minecraft:shield":14,"minecraft:iron_sword":171,"minecraft:cooked_chicken":4,"minecraft:iron_chestplate":1,"minecraft:dirt":2,"minecraft:spruce_stairs":1,"minecraft:carrot":24,"minecraft:iron_axe":30,"minecraft:stone_bricks":1,"minecraft:bow":24,"minecraft:furnace":2,"minecraft:cooked_beef":5,"minecraft:cobbled_deepslate":8,"minecraft:iron_leggings":1,"minecraft:diorite":2,"minecraft:stone_pickaxe":98,"minecraft:oak_planks":2,"minecraft:white_wool":1,"minecraft:golden_apple":2,"minecraft:rail":13,"minecraft:tnt":16,"minecraft:crossbow":3,"minecraft:white_bed":4,"minecraft:iron_pickaxe":174,"minecraft:stone_axe":6,"minecraft:cobblestone":22,"minecraft:cooked_porkchop":3,"minecraft:oak_boat":1},"minecraft:killed":{"minecraft:witch":1,"minecraft:vindicator":1,"minecraft:spider":1,"minecraft:skeleton":14,"minecraft:bee":2,"minecraft:drowned":1,"minecraft:husk":1,"minecraft:pig":4,"minecraft:iron_golem":1,"minecraft:sheep":6,"minecraft:pillager":2,"minecraft:zombie":8,"minecraft:cow":3},"minecraft:crafted":{"minecraft:oak_planks":20,"minecraft:cooked_chicken":4,"minecraft:furnace":3,"minecraft:cooked_mutton":9,"minecraft:glass":6,"minecraft:iron_boots":1,"minecraft:iron_axe":1,"minecraft:stone_pickaxe":2,"minecraft:cooked_beef":5,"minecraft:emerald":81,"minecraft:cooked_porkchop":7,"minecraft:iron_helmet":1,"minecraft:iron_sword":1,"minecraft:stone_axe":1,"minecraft:iron_chestplate":1,"minecraft:shield":1,"minecraft:stick":28,"minecraft:iron_ingot":32,"minecraft:iron_pickaxe":1,"minecraft:stone_sword":2},"minecraft:mined":{"minecraft:white_bed":6,"minecraft:mossy_cobblestone":5,"minecraft:mangrove_roots":1,"minecraft:grass_block":2,"minecraft:stone_brick_wall":3,"minecraft:jungle_planks":1,"minecraft:redstone_wire":2,"minecraft:kelp":2,"minecraft:sandstone":13,"minecraft:chiseled_stone_bricks":8,"minecraft:spawner":1,"minecraft:large_fern":7,"minecraft:tall_seagrass":4,"minecraft:mossy_cobblestone_slab":3,"minecraft:carrots":10,"minecraft:iron_ore":24,"minecraft:fire":5,"minecraft:cobblestone_slab":1,"minecraft:potatoes":7,"minecraft:vine":4,"minecraft:deepslate_iron_ore":8,"minecraft:rail":2,"minecraft:stone":51,"minecraft:tripwire":2,"minecraft:piston_head":4,"minecraft:smithing_table":1,"minecraft:kelp_plant":1,"minecraft:stone_brick_slab":1,"minecraft:dandelion":2,"minecraft:crafting_table":2,"minecraft:jungle_stairs":8,"minecraft:rose_bush":2,"minecraft:stone_slab":1,"minecraft:tall_grass":26,"minecraft:cobblestone":7,"minecraft:grindstone":1,"minecraft:lapis_ore":4,"minecraft:sugar_cane":2,"minecraft:oak_planks":4,"minecraft:diorite":14,"minecraft:seagrass":4,"minecraft:purple_bed":1,"minecraft:repeater":4,"minecraft:mangrove_planks":1,"minecraft:tnt":1,"minecraft:stone_brick_stairs":7,"minecraft:grass":43,"minecraft:oak_log":8,"minecraft:coal_ore":3,"minecraft:gravel":55,"minecraft:dirt":1,"minecraft:cobweb":1,"minecraft:cracked_stone_bricks":15,"minecraft:tripwire_hook":1,"minecraft:dispenser":3,"minecraft:stone_bricks":10,"minecraft:small_dripleaf":1,"minecraft:mossy_stone_bricks":36,"minecraft:piston":1,"minecraft:oak_leaves":2,"minecraft:emerald_block":9,"minecraft:fern":2,"minecraft:suspicious_gravel":2},"minecraft:picked_up":{"minecraft:crafting_table":1,"minecraft:purple_wool":1,"minecraft:chicken":5,"minecraft:stone_slab":1,"minecraft:smithing_table":1,"minecraft:oak_stairs":1,"minecraft:stone_brick_stairs":4,"minecraft:music_disc_cat":1,"minecraft:string":4,"minecraft:armor_stand":1,"minecraft:cracked_stone_bricks":11,"minecraft:cobbled_deepslate":4,"minecraft:beef":5,"minecraft:oak_boat":1,"minecraft:cobblestone_slab":1,"minecraft:rose_bush":1,"minecraft:iron_nugget":6,"minecraft:light_gray_wool":1,"minecraft:sugar_cane":4,"minecraft:chest":1,"minecraft:stripped_crimson_hyphae":1,"minecraft:tipped_arrow":9,"minecraft:stick":12,"minecraft:raw_iron":31,"minecraft:sandstone":10,"minecraft:oak_fence":4,"minecraft:spruce_stairs":13,"minecraft:porkchop":7,"minecraft:diorite":14,"minecraft:carrot":39,"minecraft:tnt":1,"minecraft:arrow":14,"minecraft:rotten_flesh":20,"minecraft:jungle_stairs":1,"minecraft:cod":1,"minecraft:mutton":12,"minecraft:rail":1,"minecraft:white_wool":6,"minecraft:cobblestone":83,"minecraft:cooked_beef":3,"minecraft:leather":3,"minecraft:golden_leggings":1,"minecraft:potato":24,"minecraft:tuff":1,"minecraft:oak_log":8,"minecraft:chainmail_chestplate":1,"minecraft:lily_pad":1,"minecraft:lapis_lazuli":30,"minecraft:dirt":4,"minecraft:bone":15,"minecraft:stone_bricks":1,"minecraft:bow":1,"minecraft:wheat_seeds":4,"minecraft:grindstone":1,"minecraft:iron_ingot":7,"minecraft:cooked_chicken":4,"minecraft:mossy_stone_bricks":3,"minecraft:oak_planks":21,"minecraft:oak_slab":14,"minecraft:emerald_block":9,"minecraft:cooked_porkchop":3,"minecraft:dandelion":1,"minecraft:barrel":1,"minecraft:white_bed":6,"minecraft:spider_eye":1,"minecraft:mossy_cobblestone":2,"travelersbackpack:standard":1,"minecraft:dispenser":2,"waystones:waystone":2,"minecraft:chainmail_leggings":1,"minecraft:golden_apple":2,"minecraft:bread":8,"minecraft:emerald":4,"minecraft:oak_sapling":3,"minecraft:coal":3},"minecraft:killed_by":{"minecraft:player":2,"minecraft:spider":1,"minecraft:iron_golem":1,"minecraft:vindicator":4,"creeperoverhaul:ocean_creeper":1,"minecraft:skeleton":1}},"DataVersion":3465}