{"stats":{"minecraft:dropped":{"minecraft:golden_boots":1,"minecraft:soul_sand":2,"minecraft:diamond_pickaxe":1,"minecraft:cobblestone":1,"minecraft:leather":3},"minecraft:used":{"minecraft:diamond_pickaxe":3,"morebows:diamond_bow":92,"minecraft:shield":15,"minecraft:cobblestone_slab":161,"minecraft:cooked_chicken":2,"minecraft:diamond_sword":65,"minecraft:dirt":125,"minecraft:cobblestone":63,"minecraft:cooked_porkchop":5},"minecraft:custom":{"minecraft:time_since_rest":37193,"minecraft:sprint_one_cm":90886,"minecraft:damage_taken":703,"minecraft:walk_one_cm":39973,"minecraft:damage_blocked_by_shield":465,"minecraft:mob_kills":45,"minecraft:drop":5,"minecraft:damage_dealt":3218,"minecraft:talked_to_villager":4,"minecraft:fly_one_cm":157880,"minecraft:crouch_one_cm":264,"minecraft:play_time":39553,"minecraft:sneak_time":534,"minecraft:deaths":1,"minecraft:jump":567,"minecraft:leave_game":1,"minecraft:time_since_death":37167,"minecraft:total_world_time":39553,"minecraft:climb_one_cm":252,"minecraft:fall_one_cm":8905,"minecraft:horse_one_cm":1667},"minecraft:killed":{"minecraft:skeleton":5,"minecraft:piglin":8,"minecraft:zombie":12,"minecraft:pig":3,"minecraft:spider":1,"minecraft:wither_skeleton":1,"minecraft:hoglin":6,"minecraft:creeper":1,"minecraft:blaze":8},"minecraft:mined":{"minecraft:nether_wart_block":1,"minecraft:fire":2,"minecraft:grass":14,"minecraft:acacia_log":4,"minecraft:cobblestone_slab":1,"minecraft:sunflower":5,"minecraft:tall_grass":21},"minecraft:picked_up":{"minecraft:leather":3,"minecraft:dandelion":4,"minecraft:acacia_log":4,"minecraft:porkchop":18,"minecraft:golden_boots":1,"minecraft:item_frame":1,"minecraft:arrow":6,"minecraft:bone":2,"minecraft:rotten_flesh":21,"minecraft:wheat_seeds":1,"minecraft:gold_nugget":2,"minecraft:golden_apple":1,"minecraft:cobblestone_slab":1,"minecraft:blaze_rod":6,"minecraft:diamond_pickaxe":1},"minecraft:killed_by":{"minecraft:hoglin":1}},"DataVersion":3465}