{"stats":{"minecraft:dropped":{"minecraft:stone_sword":1,"minecraft:oak_planks":9,"minecraft:white_bed":1,"minecraft:stick":16,"minecraft:stone_pickaxe":1},"minecraft:used":{"minecraft:diorite":2,"minecraft:stone_sword":68,"minecraft:stone_pickaxe":98,"minecraft:oak_planks":2,"minecraft:shield":10,"minecraft:cooked_chicken":4,"minecraft:white_wool":1,"minecraft:golden_apple":2,"minecraft:dirt":2,"minecraft:white_bed":1,"minecraft:stone_axe":6,"minecraft:cobblestone":22,"minecraft:furnace":2,"minecraft:cooked_beef":2,"minecraft:cobbled_deepslate":8},"minecraft:custom":{"minecraft:interact_with_furnace":6,"minecraft:mob_kills":15,"minecraft:interact_with_crafting_table":10,"minecraft:leave_game":1,"minecraft:time_since_death":9229,"minecraft:sleep_in_bed":2,"minecraft:time_since_rest":8611,"minecraft:sprint_one_cm":159727,"minecraft:walk_one_cm":52739,"minecraft:damage_taken":1642,"minecraft:damage_absorbed":13,"minecraft:damage_blocked_by_shield":550,"minecraft:drop":28,"minecraft:damage_dealt":3407,"minecraft:swim_one_cm":3042,"minecraft:fly_one_cm":77956,"minecraft:crouch_one_cm":66,"minecraft:play_time":41558,"minecraft:deaths":4,"minecraft:sneak_time":17,"minecraft:walk_under_water_one_cm":419,"minecraft:jump":735,"minecraft:walk_on_water_one_cm":2198,"minecraft:total_world_time":41558,"minecraft:fall_one_cm":16973},"minecraft:killed":{"minecraft:skeleton":10,"minecraft:sheep":1,"minecraft:zombie":2},"minecraft:crafted":{"minecraft:cooked_beef":5,"minecraft:oak_planks":20,"minecraft:furnace":3,"minecraft:stone_axe":1,"minecraft:shield":1,"minecraft:stick":16,"minecraft:stone_pickaxe":2,"minecraft:stone_sword":2},"minecraft:mined":{"minecraft:white_bed":3,"minecraft:crafting_table":1,"minecraft:grass_block":2,"minecraft:tall_grass":9,"minecraft:lapis_ore":4,"minecraft:oak_planks":3,"minecraft:diorite":14,"minecraft:iron_ore":23,"minecraft:fire":5,"minecraft:grass":14,"minecraft:coal_ore":3,"minecraft:oak_log":5,"minecraft:deepslate_iron_ore":8,"minecraft:rail":1,"minecraft:gravel":1,"minecraft:cobweb":1,"minecraft:stone":39},"minecraft:picked_up":{"minecraft:crafting_table":1,"minecraft:golden_leggings":1,"minecraft:tuff":1,"minecraft:oak_log":5,"minecraft:lapis_lazuli":29,"minecraft:string":1,"minecraft:dirt":4,"minecraft:bone":9,"minecraft:wheat_seeds":2,"minecraft:cobbled_deepslate":4,"minecraft:iron_ingot":1,"minecraft:cooked_chicken":4,"minecraft:oak_planks":21,"minecraft:stick":10,"minecraft:raw_iron":28,"minecraft:diorite":14,"minecraft:white_bed":3,"minecraft:arrow":5,"minecraft:rotten_flesh":6,"minecraft:golden_apple":2,"minecraft:oak_sapling":3,"minecraft:mutton":1,"minecraft:coal":3,"minecraft:white_wool":1,"minecraft:cobblestone":67},"minecraft:killed_by":{"minecraft:player":1,"minecraft:skeleton":1,"minecraft:spider":1}},"DataVersion":3465}