{"stats":{"minecraft:dropped":{"minecraft:oak_planks":9,"minecraft:stick":16},"minecraft:used":{"minecraft:golden_apple":2,"minecraft:white_wool":1},"minecraft:custom":{"minecraft:damage_absorbed":13,"minecraft:time_since_rest":9927,"minecraft:play_time":9927,"minecraft:sprint_one_cm":34696,"minecraft:damage_taken":149,"minecraft:walk_one_cm":13066,"minecraft:walk_under_water_one_cm":19,"minecraft:mob_kills":1,"minecraft:drop":25,"minecraft:jump":284,"minecraft:damage_dealt":80,"minecraft:walk_on_water_one_cm":214,"minecraft:time_since_death":9927,"minecraft:total_world_time":9927,"minecraft:interact_with_crafting_table":3,"minecraft:swim_one_cm":1079,"minecraft:fall_one_cm":8121,"minecraft:fly_one_cm":42838},"minecraft:crafted":{"minecraft:oak_planks":20,"minecraft:stone_pickaxe":1,"minecraft:stick":16},"minecraft:killed":{"minecraft:sheep":1},"minecraft:mined":{"minecraft:grass":14,"minecraft:grass_block":2,"minecraft:oak_log":5,"minecraft:tall_grass":9},"minecraft:picked_up":{"minecraft:stick":10,"minecraft:golden_leggings":1,"minecraft:wheat_seeds":2,"minecraft:iron_ingot":1,"minecraft:golden_apple":2,"minecraft:oak_log":5,"minecraft:oak_sapling":3,"minecraft:oak_planks":18,"minecraft:mutton":1,"minecraft:dirt":2,"minecraft:white_wool":1,"minecraft:cobblestone":5}},"DataVersion":3465}