{"stats":{"minecraft:dropped":{"minecraft:diamond_pickaxe":1},"minecraft:used":{"minecraft:diamond_sword":21,"minecraft:cooked_porkchop":3,"morebows:diamond_bow":35,"minecraft:shield":14},"minecraft:custom":{"minecraft:time_since_rest":7193,"minecraft:sprint_one_cm":16958,"minecraft:play_time":9553,"minecraft:deaths":1,"minecraft:damage_taken":589,"minecraft:walk_one_cm":6972,"minecraft:damage_blocked_by_shield":440,"minecraft:mob_kills":16,"minecraft:drop":1,"minecraft:jump":126,"minecraft:damage_dealt":1365,"minecraft:leave_game":1,"minecraft:time_since_death":7167,"minecraft:climb_one_cm":214,"minecraft:total_world_time":9553,"minecraft:fall_one_cm":4298,"minecraft:fly_one_cm":17345},"minecraft:killed":{"minecraft:piglin":5,"minecraft:wither_skeleton":1,"minecraft:hoglin":2,"minecraft:blaze":8},"minecraft:picked_up":{"minecraft:bone":1,"minecraft:arrow":2,"minecraft:gold_nugget":2,"minecraft:acacia_log":4,"minecraft:porkchop":6,"minecraft:blaze_rod":6,"minecraft:diamond_pickaxe":1},"minecraft:mined":{"minecraft:acacia_log":4,"minecraft:fire":2},"minecraft:killed_by":{"minecraft:hoglin":1}},"DataVersion":3465}