{"stats":{"minecraft:dropped":{"minecraft:iron_ingot":5,"minecraft:wheat_seeds":3,"minecraft:stone_sword":1,"minecraft:light_gray_wool":1,"minecraft:oak_planks":9,"minecraft:white_bed":1,"minecraft:stick":16,"minecraft:stone_pickaxe":1},"minecraft:used":{"minecraft:diorite":2,"minecraft:stone_sword":70,"minecraft:stone_pickaxe":98,"minecraft:oak_planks":2,"minecraft:shield":10,"minecraft:iron_sword":93,"minecraft:cooked_chicken":4,"minecraft:iron_chestplate":1,"minecraft:white_wool":1,"minecraft:golden_apple":2,"minecraft:dirt":2,"minecraft:rail":13,"minecraft:white_bed":2,"minecraft:iron_axe":1,"minecraft:iron_pickaxe":8,"minecraft:stone_axe":6,"minecraft:cobblestone":22,"minecraft:furnace":2,"minecraft:cooked_porkchop":2,"minecraft:cooked_beef":5,"minecraft:cobbled_deepslate":8},"minecraft:custom":{"minecraft:interact_with_furnace":32,"minecraft:mob_kills":27,"minecraft:interact_with_crafting_table":15,"minecraft:open_barrel":1,"minecraft:leave_game":2,"minecraft:time_since_death":2426,"minecraft:sleep_in_bed":3,"minecraft:climb_one_cm":146,"minecraft:time_since_rest":2454,"minecraft:sprint_one_cm":229065,"minecraft:walk_one_cm":77356,"minecraft:damage_taken":2278,"minecraft:damage_absorbed":13,"minecraft:damage_blocked_by_shield":550,"minecraft:drop":35,"minecraft:damage_dealt":6050,"minecraft:talked_to_villager":3,"minecraft:swim_one_cm":12983,"minecraft:fly_one_cm":157629,"minecraft:open_chest":2,"minecraft:crouch_one_cm":66,"minecraft:play_time":61991,"minecraft:deaths":5,"minecraft:sneak_time":17,"minecraft:walk_under_water_one_cm":1064,"minecraft:jump":1236,"minecraft:walk_on_water_one_cm":5983,"minecraft:total_world_time":61991,"minecraft:fall_one_cm":30861},"minecraft:killed":{"minecraft:pig":4,"minecraft:witch":1,"minecraft:iron_golem":1,"minecraft:skeleton":12,"minecraft:sheep":3,"minecraft:zombie":2,"minecraft:cow":2},"minecraft:crafted":{"minecraft:cooked_beef":5,"minecraft:oak_planks":20,"minecraft:iron_helmet":1,"minecraft:iron_sword":1,"minecraft:furnace":3,"minecraft:stone_axe":1,"minecraft:iron_boots":1,"minecraft:iron_chestplate":1,"minecraft:shield":1,"minecraft:iron_axe":1,"minecraft:stick":28,"minecraft:iron_ingot":32,"minecraft:iron_pickaxe":1,"minecraft:stone_pickaxe":2,"minecraft:stone_sword":2},"minecraft:mined":{"minecraft:white_bed":4,"minecraft:dandelion":2,"minecraft:crafting_table":1,"minecraft:grass_block":2,"minecraft:rose_bush":2,"minecraft:tall_grass":23,"minecraft:lapis_ore":4,"minecraft:oak_planks":3,"minecraft:diorite":14,"minecraft:large_fern":7,"minecraft:carrots":10,"minecraft:iron_ore":24,"minecraft:fire":5,"minecraft:grass":38,"minecraft:potatoes":7,"minecraft:coal_ore":3,"minecraft:oak_log":5,"minecraft:deepslate_iron_ore":8,"minecraft:rail":2,"minecraft:gravel":1,"minecraft:cobweb":1,"minecraft:stone":45,"minecraft:fern":1},"minecraft:picked_up":{"minecraft:crafting_table":1,"minecraft:leather":1,"minecraft:golden_leggings":1,"minecraft:potato":24,"minecraft:tuff":1,"minecraft:oak_log":5,"minecraft:lapis_lazuli":29,"minecraft:string":1,"minecraft:dirt":4,"minecraft:bone":13,"minecraft:wheat_seeds":3,"minecraft:cobbled_deepslate":4,"minecraft:beef":4,"minecraft:iron_ingot":7,"minecraft:cooked_chicken":4,"minecraft:rose_bush":1,"minecraft:iron_nugget":6,"minecraft:light_gray_wool":1,"minecraft:oak_planks":21,"minecraft:stick":11,"minecraft:raw_iron":31,"minecraft:cooked_porkchop":3,"minecraft:dandelion":1,"minecraft:porkchop":7,"minecraft:diorite":14,"minecraft:white_bed":4,"minecraft:carrot":39,"minecraft:spider_eye":1,"minecraft:arrow":7,"minecraft:rotten_flesh":6,"waystones:waystone":1,"minecraft:golden_apple":2,"minecraft:emerald":1,"minecraft:oak_sapling":3,"minecraft:mutton":4,"minecraft:coal":3,"minecraft:rail":1,"minecraft:white_wool":2,"minecraft:cobblestone":73},"minecraft:killed_by":{"minecraft:player":1,"minecraft:skeleton":1,"minecraft:spider":1,"minecraft:iron_golem":1}},"DataVersion":3465}