{"stats":{"minecraft:dropped":{"minecraft:iron_ingot":5,"minecraft:wheat_seeds":3,"minecraft:lapis_lazuli":29,"minecraft:spruce_stairs":7,"minecraft:stick":16,"minecraft:dispenser":2,"minecraft:rose_bush":1,"minecraft:white_wool":2,"minecraft:furnace":1,"minecraft:iron_nugget":6,"minecraft:stone_sword":1,"minecraft:tuff":1,"minecraft:light_gray_wool":1,"minecraft:oak_planks":10,"minecraft:white_bed":1,"minecraft:mossy_stone_bricks":1,"minecraft:golden_leggings":1,"minecraft:chest":1,"minecraft:sandstone":2,"minecraft:stone_pickaxe":1},"minecraft:custom":{"minecraft:mob_kills":33,"minecraft:interact_with_crafting_table":15,"minecraft:open_barrel":9,"minecraft:leave_game":2,"minecraft:time_since_death":9508,"minecraft:climb_one_cm":1355,"minecraft:sprint_one_cm":283749,"minecraft:walk_one_cm":106906,"minecraft:damage_blocked_by_shield":835,"minecraft:drop":49,"minecraft:talked_to_villager":4,"minecraft:play_time":85042,"minecraft:sneak_time":17,"minecraft:deaths":9,"minecraft:walk_under_water_one_cm":8697,"minecraft:boat_one_cm":134921,"minecraft:jump":1437,"minecraft:walk_on_water_one_cm":13891,"minecraft:total_world_time":85042,"minecraft:interact_with_furnace":32,"minecraft:sleep_in_bed":3,"minecraft:time_since_rest":9541,"minecraft:damage_taken":3529,"minecraft:damage_absorbed":13,"minecraft:trigger_trapped_chest":1,"minecraft:damage_dealt":6919,"minecraft:fly_one_cm":180103,"minecraft:swim_one_cm":54407,"minecraft:open_chest":8,"minecraft:crouch_one_cm":66,"minecraft:fall_one_cm":34499},"minecraft:used":{"minecraft:stone_sword":70,"minecraft:flint_and_steel":2,"minecraft:shield":14,"minecraft:iron_sword":123,"minecraft:cooked_chicken":4,"minecraft:iron_chestplate":1,"minecraft:dirt":2,"minecraft:spruce_stairs":1,"minecraft:carrot":3,"minecraft:iron_axe":4,"minecraft:stone_bricks":1,"minecraft:furnace":2,"minecraft:cooked_beef":5,"minecraft:cobbled_deepslate":8,"minecraft:iron_leggings":1,"minecraft:diorite":2,"minecraft:stone_pickaxe":98,"minecraft:oak_planks":2,"minecraft:white_wool":1,"minecraft:golden_apple":2,"minecraft:rail":13,"minecraft:tnt":16,"minecraft:white_bed":2,"minecraft:iron_pickaxe":58,"minecraft:stone_axe":6,"minecraft:cobblestone":22,"minecraft:cooked_porkchop":3},"minecraft:killed":{"minecraft:witch":1,"minecraft:spider":1,"minecraft:vindicator":1,"minecraft:skeleton":13,"minecraft:bee":2,"minecraft:drowned":1,"minecraft:pig":4,"minecraft:iron_golem":1,"minecraft:sheep":3,"minecraft:zombie":2,"minecraft:cow":2},"minecraft:crafted":{"minecraft:oak_planks":20,"minecraft:furnace":3,"minecraft:iron_boots":1,"minecraft:iron_axe":1,"minecraft:stone_pickaxe":2,"minecraft:cooked_beef":5,"minecraft:emerald":45,"minecraft:iron_helmet":1,"minecraft:iron_sword":1,"minecraft:stone_axe":1,"minecraft:iron_chestplate":1,"minecraft:shield":1,"minecraft:stick":28,"minecraft:iron_ingot":32,"minecraft:iron_pickaxe":1,"minecraft:stone_sword":2},"minecraft:mined":{"minecraft:white_bed":4,"minecraft:mossy_cobblestone":2,"minecraft:grass_block":2,"minecraft:stone_brick_wall":2,"minecraft:kelp":1,"minecraft:sandstone":5,"minecraft:chiseled_stone_bricks":2,"minecraft:spawner":1,"minecraft:large_fern":7,"minecraft:tall_seagrass":4,"minecraft:mossy_cobblestone_slab":1,"minecraft:carrots":10,"minecraft:fire":5,"minecraft:iron_ore":24,"minecraft:potatoes":7,"minecraft:deepslate_iron_ore":8,"minecraft:rail":2,"minecraft:stone":45,"minecraft:smithing_table":1,"minecraft:stone_brick_slab":1,"minecraft:dandelion":2,"minecraft:crafting_table":2,"minecraft:rose_bush":2,"minecraft:tall_grass":23,"minecraft:cobblestone":1,"minecraft:lapis_ore":4,"minecraft:grindstone":1,"minecraft:oak_planks":4,"minecraft:diorite":14,"minecraft:seagrass":3,"minecraft:tnt":1,"minecraft:stone_brick_stairs":3,"minecraft:grass":40,"minecraft:coal_ore":3,"minecraft:oak_log":5,"minecraft:gravel":4,"minecraft:cobweb":1,"minecraft:cracked_stone_bricks":3,"minecraft:dispenser":2,"minecraft:stone_bricks":5,"minecraft:mossy_stone_bricks":9,"minecraft:emerald_block":6,"minecraft:fern":1},"minecraft:picked_up":{"minecraft:crafting_table":1,"minecraft:chicken":5,"minecraft:smithing_table":1,"minecraft:stone_brick_stairs":1,"minecraft:string":3,"minecraft:cobbled_deepslate":4,"minecraft:beef":4,"minecraft:rose_bush":1,"minecraft:iron_nugget":6,"minecraft:light_gray_wool":1,"minecraft:chest":1,"minecraft:tipped_arrow":5,"minecraft:raw_iron":31,"minecraft:stick":12,"minecraft:sandstone":2,"minecraft:spruce_stairs":13,"minecraft:porkchop":7,"minecraft:diorite":14,"minecraft:carrot":39,"minecraft:tnt":1,"minecraft:arrow":11,"minecraft:rotten_flesh":8,"minecraft:mutton":4,"minecraft:rail":1,"minecraft:white_wool":3,"minecraft:cobblestone":74,"minecraft:leather":1,"minecraft:golden_leggings":1,"minecraft:potato":24,"minecraft:tuff":1,"minecraft:oak_log":5,"minecraft:lapis_lazuli":30,"minecraft:dirt":4,"minecraft:bone":15,"minecraft:stone_bricks":1,"minecraft:wheat_seeds":3,"minecraft:grindstone":1,"minecraft:iron_ingot":7,"minecraft:cooked_chicken":4,"minecraft:mossy_stone_bricks":2,"minecraft:oak_planks":21,"minecraft:oak_slab":5,"minecraft:emerald_block":5,"minecraft:cooked_porkchop":3,"minecraft:dandelion":1,"minecraft:white_bed":4,"minecraft:spider_eye":1,"minecraft:mossy_cobblestone":2,"minecraft:dispenser":2,"waystones:waystone":2,"minecraft:golden_apple":2,"minecraft:emerald":3,"minecraft:oak_sapling":3,"minecraft:coal":3},"minecraft:killed_by":{"minecraft:player":1,"minecraft:spider":1,"minecraft:iron_golem":1,"minecraft:vindicator":4,"minecraft:skeleton":1}},"DataVersion":3465}