{"stats":{"minecraft:dropped":{"minecraft:stone_sword":1,"minecraft:oak_planks":9,"minecraft:stone_pickaxe":1,"minecraft:stick":16},"minecraft:used":{"minecraft:diorite":2,"minecraft:stone_pickaxe":10,"minecraft:oak_planks":2,"minecraft:shield":1,"minecraft:stone_axe":2,"minecraft:white_wool":1,"minecraft:golden_apple":2,"minecraft:cobblestone":17},"minecraft:custom":{"minecraft:time_since_rest":3505,"minecraft:sprint_one_cm":63273,"minecraft:walk_one_cm":21419,"minecraft:damage_taken":508,"minecraft:damage_absorbed":13,"minecraft:damage_blocked_by_shield":115,"minecraft:mob_kills":1,"minecraft:drop":27,"minecraft:damage_dealt":148,"minecraft:swim_one_cm":1079,"minecraft:interact_with_crafting_table":8,"minecraft:fly_one_cm":45488,"minecraft:play_time":21927,"minecraft:deaths":1,"minecraft:walk_under_water_one_cm":19,"minecraft:jump":355,"minecraft:time_since_death":3400,"minecraft:walk_on_water_one_cm":214,"minecraft:sleep_in_bed":1,"minecraft:total_world_time":21927,"minecraft:fall_one_cm":10098},"minecraft:crafted":{"minecraft:oak_planks":20,"minecraft:shield":1,"minecraft:stick":16,"minecraft:stone_pickaxe":2,"minecraft:stone_sword":2,"minecraft:stone_axe":1},"minecraft:killed":{"minecraft:sheep":1},"minecraft:mined":{"minecraft:iron_ore":5,"minecraft:fire":5,"minecraft:crafting_table":1,"minecraft:grass":14,"minecraft:coal_ore":3,"minecraft:oak_log":5,"minecraft:grass_block":2,"minecraft:rail":1,"minecraft:gravel":1,"minecraft:tall_grass":9,"minecraft:oak_planks":3,"minecraft:diorite":2},"minecraft:picked_up":{"minecraft:raw_iron":5,"minecraft:stick":10,"minecraft:crafting_table":1,"minecraft:golden_leggings":1,"minecraft:oak_log":5,"minecraft:diorite":2,"minecraft:dirt":2,"minecraft:wheat_seeds":2,"minecraft:iron_ingot":1,"minecraft:cooked_chicken":4,"minecraft:golden_apple":2,"minecraft:oak_sapling":3,"minecraft:mutton":1,"minecraft:oak_planks":21,"minecraft:coal":3,"minecraft:white_wool":1,"minecraft:cobblestone":30}},"DataVersion":3465}