{"stats":{"minecraft:dropped":{"minecraft:soul_sand":2,"minecraft:diamond_pickaxe":1,"minecraft:cobblestone":1,"minecraft:leather":3},"minecraft:used":{"minecraft:diamond_pickaxe":2,"morebows:diamond_bow":66,"minecraft:shield":15,"minecraft:cobblestone_slab":111,"minecraft:cooked_chicken":2,"minecraft:diamond_sword":49,"minecraft:cobblestone":63,"minecraft:cooked_porkchop":5},"minecraft:custom":{"minecraft:time_since_rest":25193,"minecraft:sprint_one_cm":64988,"minecraft:damage_taken":692,"minecraft:walk_one_cm":30102,"minecraft:damage_blocked_by_shield":465,"minecraft:mob_kills":32,"minecraft:drop":4,"minecraft:damage_dealt":2275,"minecraft:talked_to_villager":4,"minecraft:fly_one_cm":60568,"minecraft:play_time":27553,"minecraft:deaths":1,"minecraft:jump":317,"minecraft:leave_game":1,"minecraft:time_since_death":25167,"minecraft:total_world_time":27553,"minecraft:climb_one_cm":214,"minecraft:fall_one_cm":8487,"minecraft:horse_one_cm":1667},"minecraft:killed":{"minecraft:skeleton":1,"minecraft:piglin":8,"minecraft:zombie":5,"minecraft:pig":3,"minecraft:wither_skeleton":1,"minecraft:hoglin":6,"minecraft:blaze":8},"minecraft:mined":{"minecraft:nether_wart_block":1,"minecraft:fire":2,"minecraft:grass":14,"minecraft:acacia_log":4,"minecraft:sunflower":5,"minecraft:tall_grass":21},"minecraft:picked_up":{"minecraft:leather":3,"minecraft:dandelion":4,"minecraft:acacia_log":4,"minecraft:porkchop":18,"minecraft:item_frame":1,"minecraft:arrow":5,"minecraft:bone":1,"minecraft:rotten_flesh":12,"minecraft:wheat_seeds":1,"minecraft:gold_nugget":2,"minecraft:golden_apple":1,"minecraft:blaze_rod":6,"minecraft:diamond_pickaxe":1},"minecraft:killed_by":{"minecraft:hoglin":1}},"DataVersion":3465}