{"stats":{"minecraft:dropped":{"minecraft:iron_ingot":5,"minecraft:wheat_seeds":3,"minecraft:stone_sword":1,"minecraft:tuff":1,"minecraft:light_gray_wool":1,"minecraft:oak_planks":10,"minecraft:white_bed":1,"minecraft:stick":16,"minecraft:stone_pickaxe":1},"minecraft:used":{"minecraft:diorite":2,"minecraft:stone_sword":70,"minecraft:stone_pickaxe":98,"minecraft:oak_planks":2,"minecraft:shield":14,"minecraft:iron_sword":113,"minecraft:cooked_chicken":4,"minecraft:iron_chestplate":1,"minecraft:white_wool":1,"minecraft:golden_apple":2,"minecraft:dirt":2,"minecraft:rail":13,"minecraft:white_bed":2,"minecraft:iron_axe":3,"minecraft:iron_pickaxe":14,"minecraft:stone_axe":6,"minecraft:cobblestone":22,"minecraft:furnace":2,"minecraft:cooked_porkchop":3,"minecraft:cooked_beef":5,"minecraft:cobbled_deepslate":8},"minecraft:custom":{"minecraft:interact_with_furnace":32,"minecraft:mob_kills":31,"minecraft:interact_with_crafting_table":15,"minecraft:open_barrel":4,"minecraft:leave_game":2,"minecraft:time_since_death":543,"minecraft:sleep_in_bed":3,"minecraft:climb_one_cm":375,"minecraft:time_since_rest":572,"minecraft:sprint_one_cm":251061,"minecraft:damage_absorbed":13,"minecraft:damage_taken":3080,"minecraft:walk_one_cm":82247,"minecraft:damage_blocked_by_shield":835,"minecraft:drop":37,"minecraft:damage_dealt":6540,"minecraft:swim_one_cm":47878,"minecraft:talked_to_villager":4,"minecraft:fly_one_cm":171918,"minecraft:open_chest":4,"minecraft:crouch_one_cm":66,"minecraft:play_time":73042,"minecraft:deaths":8,"minecraft:sneak_time":17,"minecraft:walk_under_water_one_cm":7106,"minecraft:boat_one_cm":78853,"minecraft:jump":1350,"minecraft:walk_on_water_one_cm":12344,"minecraft:total_world_time":73042,"minecraft:fall_one_cm":33752},"minecraft:killed":{"minecraft:pig":4,"minecraft:witch":1,"minecraft:spider":1,"minecraft:iron_golem":1,"minecraft:skeleton":12,"minecraft:sheep":3,"minecraft:zombie":2,"minecraft:bee":2,"minecraft:drowned":1,"minecraft:cow":2},"minecraft:crafted":{"minecraft:cooked_beef":5,"minecraft:oak_planks":20,"minecraft:iron_helmet":1,"minecraft:iron_sword":1,"minecraft:furnace":3,"minecraft:stone_axe":1,"minecraft:iron_boots":1,"minecraft:iron_chestplate":1,"minecraft:shield":1,"minecraft:iron_axe":1,"minecraft:stick":28,"minecraft:iron_ingot":32,"minecraft:iron_pickaxe":1,"minecraft:stone_pickaxe":2,"minecraft:stone_sword":2},"minecraft:mined":{"minecraft:white_bed":4,"minecraft:dandelion":2,"minecraft:crafting_table":2,"minecraft:grass_block":2,"minecraft:rose_bush":2,"minecraft:tall_grass":23,"minecraft:kelp":1,"minecraft:lapis_ore":4,"minecraft:oak_planks":4,"minecraft:diorite":14,"minecraft:sandstone":5,"minecraft:large_fern":7,"minecraft:seagrass":3,"minecraft:tall_seagrass":4,"minecraft:carrots":10,"minecraft:iron_ore":24,"minecraft:fire":5,"minecraft:grass":38,"minecraft:oak_log":5,"minecraft:potatoes":7,"minecraft:coal_ore":3,"minecraft:deepslate_iron_ore":8,"minecraft:rail":2,"minecraft:gravel":1,"minecraft:cobweb":1,"minecraft:stone":45,"minecraft:fern":1},"minecraft:picked_up":{"minecraft:crafting_table":1,"minecraft:chicken":5,"minecraft:leather":1,"minecraft:golden_leggings":1,"minecraft:potato":24,"minecraft:tuff":1,"minecraft:oak_log":5,"minecraft:dirt":4,"minecraft:lapis_lazuli":29,"minecraft:string":3,"minecraft:bone":13,"minecraft:wheat_seeds":3,"minecraft:cobbled_deepslate":4,"minecraft:iron_ingot":7,"minecraft:beef":4,"minecraft:cooked_chicken":4,"minecraft:rose_bush":1,"minecraft:iron_nugget":6,"minecraft:light_gray_wool":1,"minecraft:oak_planks":21,"minecraft:sandstone":2,"minecraft:stick":12,"minecraft:raw_iron":31,"minecraft:cooked_porkchop":3,"minecraft:dandelion":1,"minecraft:spruce_stairs":10,"minecraft:porkchop":7,"minecraft:diorite":14,"minecraft:white_bed":4,"minecraft:carrot":39,"minecraft:spider_eye":1,"minecraft:arrow":9,"minecraft:rotten_flesh":6,"waystones:waystone":2,"minecraft:golden_apple":2,"minecraft:emerald":3,"minecraft:oak_sapling":3,"minecraft:mutton":4,"minecraft:white_wool":2,"minecraft:coal":3,"minecraft:rail":1,"minecraft:cobblestone":73},"minecraft:killed_by":{"minecraft:vindicator":3,"minecraft:player":1,"minecraft:skeleton":1,"minecraft:spider":1,"minecraft:iron_golem":1}},"DataVersion":3465}