{"stats":{"minecraft:dropped":{"minecraft:iron_ingot":5,"minecraft:stone_sword":1,"minecraft:oak_planks":9,"minecraft:white_bed":1,"minecraft:stick":16,"minecraft:stone_pickaxe":1},"minecraft:used":{"minecraft:diorite":2,"minecraft:stone_sword":70,"minecraft:stone_pickaxe":98,"minecraft:oak_planks":2,"minecraft:shield":10,"minecraft:iron_sword":57,"minecraft:cooked_chicken":4,"minecraft:iron_chestplate":1,"minecraft:white_wool":1,"minecraft:golden_apple":2,"minecraft:dirt":2,"minecraft:rail":13,"minecraft:white_bed":2,"minecraft:iron_axe":1,"minecraft:iron_pickaxe":7,"minecraft:stone_axe":6,"minecraft:cobblestone":22,"minecraft:furnace":2,"minecraft:cooked_beef":5,"minecraft:cobbled_deepslate":8},"minecraft:custom":{"minecraft:interact_with_furnace":32,"minecraft:mob_kills":26,"minecraft:interact_with_crafting_table":15,"minecraft:leave_game":1,"minecraft:time_since_death":21229,"minecraft:sleep_in_bed":3,"minecraft:time_since_rest":4922,"minecraft:sprint_one_cm":189028,"minecraft:walk_one_cm":64264,"minecraft:damage_taken":2036,"minecraft:damage_absorbed":13,"minecraft:damage_blocked_by_shield":550,"minecraft:drop":33,"minecraft:damage_dealt":5150,"minecraft:swim_one_cm":6507,"minecraft:fly_one_cm":112441,"minecraft:crouch_one_cm":66,"minecraft:play_time":53558,"minecraft:deaths":4,"minecraft:sneak_time":17,"minecraft:walk_under_water_one_cm":826,"minecraft:jump":969,"minecraft:walk_on_water_one_cm":2482,"minecraft:total_world_time":53558,"minecraft:fall_one_cm":24086},"minecraft:killed":{"minecraft:pig":4,"minecraft:witch":1,"minecraft:skeleton":12,"minecraft:sheep":3,"minecraft:zombie":2,"minecraft:cow":2},"minecraft:crafted":{"minecraft:cooked_beef":5,"minecraft:oak_planks":20,"minecraft:iron_helmet":1,"minecraft:iron_sword":1,"minecraft:furnace":3,"minecraft:stone_axe":1,"minecraft:iron_boots":1,"minecraft:iron_chestplate":1,"minecraft:shield":1,"minecraft:iron_axe":1,"minecraft:stick":28,"minecraft:iron_ingot":32,"minecraft:iron_pickaxe":1,"minecraft:stone_pickaxe":2,"minecraft:stone_sword":2},"minecraft:mined":{"minecraft:white_bed":4,"minecraft:crafting_table":1,"minecraft:grass_block":2,"minecraft:rose_bush":2,"minecraft:tall_grass":21,"minecraft:lapis_ore":4,"minecraft:oak_planks":3,"minecraft:diorite":14,"minecraft:iron_ore":24,"minecraft:fire":5,"minecraft:grass":28,"minecraft:coal_ore":3,"minecraft:oak_log":5,"minecraft:deepslate_iron_ore":8,"minecraft:rail":2,"minecraft:gravel":1,"minecraft:cobweb":1,"minecraft:stone":45},"minecraft:picked_up":{"minecraft:crafting_table":1,"minecraft:leather":1,"minecraft:golden_leggings":1,"minecraft:tuff":1,"minecraft:oak_log":5,"minecraft:lapis_lazuli":29,"minecraft:string":1,"minecraft:dirt":4,"minecraft:bone":13,"minecraft:wheat_seeds":3,"minecraft:cobbled_deepslate":4,"minecraft:beef":4,"minecraft:iron_ingot":3,"minecraft:cooked_chicken":4,"minecraft:rose_bush":1,"minecraft:iron_nugget":6,"minecraft:light_gray_wool":1,"minecraft:oak_planks":21,"minecraft:stick":11,"minecraft:raw_iron":31,"minecraft:porkchop":7,"minecraft:diorite":14,"minecraft:white_bed":4,"minecraft:spider_eye":1,"minecraft:arrow":7,"minecraft:rotten_flesh":6,"minecraft:golden_apple":2,"minecraft:emerald":1,"minecraft:oak_sapling":3,"minecraft:mutton":4,"minecraft:coal":3,"minecraft:rail":1,"minecraft:white_wool":2,"minecraft:cobblestone":73},"minecraft:killed_by":{"minecraft:player":1,"minecraft:skeleton":1,"minecraft:spider":1}},"DataVersion":3465}