{"stats":{"minecraft:dropped":{"minecraft:stone_sword":1,"minecraft:oak_planks":9,"minecraft:stone_pickaxe":1,"minecraft:stick":16},"minecraft:used":{"minecraft:diorite":2,"minecraft:stone_sword":27,"minecraft:stone_pickaxe":29,"minecraft:oak_planks":2,"minecraft:shield":5,"minecraft:cooked_chicken":4,"minecraft:white_wool":1,"minecraft:golden_apple":2,"minecraft:stone_axe":5,"minecraft:dirt":2,"minecraft:cobblestone":18},"minecraft:custom":{"minecraft:time_since_rest":799,"minecraft:sprint_one_cm":126744,"minecraft:damage_absorbed":13,"minecraft:damage_taken":900,"minecraft:walk_one_cm":35262,"minecraft:damage_blocked_by_shield":445,"minecraft:mob_kills":6,"minecraft:drop":27,"minecraft:damage_dealt":1414,"minecraft:swim_one_cm":1079,"minecraft:interact_with_crafting_table":8,"minecraft:fly_one_cm":54611,"minecraft:play_time":29558,"minecraft:deaths":2,"minecraft:walk_under_water_one_cm":19,"minecraft:jump":474,"minecraft:leave_game":1,"minecraft:time_since_death":763,"minecraft:walk_on_water_one_cm":512,"minecraft:sleep_in_bed":1,"minecraft:total_world_time":29558,"minecraft:fall_one_cm":10845},"minecraft:crafted":{"minecraft:oak_planks":20,"minecraft:shield":1,"minecraft:stick":16,"minecraft:stone_pickaxe":2,"minecraft:stone_sword":2,"minecraft:stone_axe":1},"minecraft:killed":{"minecraft:sheep":1,"minecraft:skeleton":4},"minecraft:mined":{"minecraft:iron_ore":23,"minecraft:fire":5,"minecraft:crafting_table":1,"minecraft:grass":14,"minecraft:grass_block":2,"minecraft:oak_log":5,"minecraft:coal_ore":3,"minecraft:rail":1,"minecraft:gravel":1,"minecraft:cobweb":1,"minecraft:tall_grass":9,"minecraft:stone":1,"minecraft:oak_planks":3,"minecraft:diorite":2},"minecraft:picked_up":{"minecraft:raw_iron":22,"minecraft:stick":10,"minecraft:crafting_table":1,"minecraft:golden_leggings":1,"minecraft:tuff":1,"minecraft:oak_log":5,"minecraft:diorite":2,"minecraft:dirt":4,"minecraft:string":1,"minecraft:bone":4,"minecraft:arrow":2,"minecraft:rotten_flesh":2,"minecraft:wheat_seeds":2,"minecraft:cobbled_deepslate":4,"minecraft:iron_ingot":1,"minecraft:cooked_chicken":4,"minecraft:golden_apple":2,"minecraft:oak_sapling":3,"minecraft:mutton":1,"minecraft:oak_planks":21,"minecraft:coal":3,"minecraft:white_wool":1,"minecraft:cobblestone":31},"minecraft:killed_by":{"minecraft:player":1}},"DataVersion":3465}