{"stats":{"minecraft:dropped":{"minecraft:golden_boots":1,"minecraft:soul_sand":2,"minecraft:birch_planks":1,"minecraft:spore_blossom":1,"minecraft:cooked_porkchop":8,"minecraft:cobblestone":1,"minecraft:leather":3,"minecraft:granite":1,"minecraft:saddle":1,"minecraft:emerald":4,"minecraft:dirt":1,"minecraft:dark_oak_log":2,"minecraft:mutton":1,"minecraft:crimson_roots":1,"minecraft:coast_armor_trim_smithing_template":2,"minecraft:gold_nugget":36,"minecraft:sunflower":13,"minecraft:sand":3,"minecraft:polished_blackstone_bricks":94,"minecraft:sugar":7,"minecraft:string":9,"minecraft:white_wool":1,"simplyswords:iron_sai":2,"minecraft:gravel":4,"minecraft:blackstone":68,"minecraft:sugar_cane":7,"minecraft:cooked_chicken":2,"minecraft:experience_bottle":27,"minecraft:rotten_flesh":78,"minecraft:filled_map":3,"minecraft:potato":4,"minecraft:gunpowder":2,"minecraft:piglin_banner_pattern":1,"minecraft:diamond_pickaxe":1,"minecraft:wooden_shovel":1,"minecraft:golden_sword":2,"minecraft:spider_eye":7,"minecraft:arrow":5,"minecraft:bow":1,"minecraft:lectern":4,"minecraft:egg":1,"minecraft:terracotta":8},"minecraft:killed":{"minecraft:witch":5,"minecraft:endermite":1,"minecraft:spider":11,"minecraft:phantom":21,"minecraft:skeleton":96,"minecraft:bee":3,"minecraft:chicken":2,"minecraft:drowned":3,"minecraft:wolf":2,"minecraft:piglin":8,"minecraft:pig":7,"minecraft:iron_golem":1,"minecraft:hoglin":6,"minecraft:creeper":9,"minecraft:sheep":13,"minecraft:zombie":41,"minecraft:wither_skeleton":1,"minecraft:player":1,"minecraft:villager":3,"minecraft:cow":2,"minecraft:enderman":2,"minecraft:blaze":8},"minecraft:custom":{"minecraft:interact_with_anvil":7,"minecraft:mob_kills":255,"minecraft:animals_bred":1,"minecraft:interact_with_crafting_table":2,"minecraft:open_barrel":36,"minecraft:leave_game":11,"minecraft:time_since_death":59551,"minecraft:climb_one_cm":27042,"minecraft:sprint_one_cm":855947,"minecraft:walk_one_cm":377774,"minecraft:damage_blocked_by_shield":645,"minecraft:drop":66,"minecraft:talked_to_villager":108,"minecraft:play_time":336799,"minecraft:sneak_time":1912,"minecraft:deaths":15,"minecraft:walk_under_water_one_cm":40149,"minecraft:jump":4682,"minecraft:walk_on_water_one_cm":67198,"minecraft:total_world_time":336799,"minecraft:play_record":1,"minecraft:traded_with_villager":5,"minecraft:interact_with_grindstone":1,"minecraft:sleep_in_bed":4,"minecraft:time_since_rest":43980,"minecraft:waystone_activated":3,"minecraft:damage_taken":8143,"minecraft:damage_dealt":18694,"minecraft:player_kills":1,"minecraft:swim_one_cm":64281,"minecraft:fly_one_cm":1272631,"minecraft:open_chest":121,"minecraft:crouch_one_cm":1675,"niftycarts:cart_one_cm":68848,"minecraft:fall_one_cm":137391,"minecraft:horse_one_cm":296854},"minecraft:crafted":{"minecraft:wooden_shovel":1,"minecraft:emerald":4,"minecraft:crafting_table":1,"minecraft:birch_planks":8,"minecraft:enchanted_book":1,"minecraft:stick":4},"minecraft:killed_by":{"minecraft:player":1,"minecraft:hoglin":1,"minecraft:skeleton":6},"minecraft:picked_up":{"minecraft:azure_bluet":1,"minecraft:nether_wart":3,"simplyswords:iron_sai":2,"minecraft:golden_sword":1,"minecraft:string":10,"minecraft:item_frame":1,"minecraft:experience_bottle":27,"minecraft:gold_nugget":38,"bosses_of_mass_destruction:soul_star":4,"minecraft:spruce_planks":1,"minecraft:cobblestone_slab":1,"minecraft:lectern":28,"minecraft:egg":2,"minecraft:raw_iron":4,"minecraft:stick":3,"minecraft:big_dripleaf":3,"minecraft:acacia_log":4,"minecraft:polished_blackstone_bricks":47,"minecraft:porkchop":24,"minecraft:music_disc_pigstep":1,"the_bumblezone:bee_stinger":2,"minecraft:rotten_flesh":77,"minecraft:arrow":89,"minecraft:hay_block":40,"minecraft:saddle":1,"minecraft:blaze_rod":6,"minecraft:glow_berries":1,"minecraft:mutton":1,"minecraft:white_wool":1,"minecraft:cobblestone":1,"minecraft:oxeye_daisy":1,"minecraft:birch_log":2,"minecraft:leather":3,"minecraft:potato":5,"minecraft:filled_map":2,"minecraft:birch_planks":2,"minecraft:golden_boots":1,"minecraft:gunpowder":7,"minecraft:dirt":32,"minecraft:bone":133,"minecraft:wheat_seeds":5,"minecraft:spore_blossom":1,"minecraft:iron_ingot":3,"minecraft:soul_sand":3,"minecraft:cooked_porkchop":8,"minecraft:dandelion":8,"minecraft:gravel":4,"minecraft:sand":3,"minecraft:spruce_log":2,"minecraft:dark_oak_log":3,"minecraft:spider_eye":9,"minecraft:sugar":7,"minecraft:diamond":24,"waystones:waystone":1,"minecraft:granite":1,"minecraft:golden_apple":1,"minecraft:emerald":4,"minecraft:terracotta":20,"minecraft:diamond_pickaxe":1,"minecraft:ender_pearl":4,"minecraft:sunflower":13},"minecraft:mined":{"minecraft:dark_oak_planks":1,"minecraft:dark_prismarine":11,"minecraft:spruce_planks":18,"minecraft:mossy_cobblestone":1,"minecraft:jungle_slab":1,"minecraft:sculk_vein":3,"minecraft:dark_oak_log":1,"minecraft:ladder":1,"minecraft:granite":3,"minecraft:dark_oak_fence":2,"minecraft:stripped_crimson_hyphae":12,"minecraft:purple_terracotta":13,"minecraft:acacia_log":4,"minecraft:grass_block":11,"minecraft:stone_brick_wall":2,"minecraft:moss_block":1,"minecraft:red_mushroom":1,"minecraft:oxeye_daisy":2,"minecraft:spawner":3,"minecraft:large_fern":11,"minecraft:hay_block":40,"minecraft:iron_ore":2,"minecraft:fire":2,"minecraft:acacia_wood":1,"minecraft:azure_bluet":4,"minecraft:mossy_stone_brick_stairs":1,"minecraft:cobblestone_slab":1,"minecraft:stone":19,"minecraft:spruce_slab":2,"minecraft:soul_sand":1,"minecraft:dandelion":5,"minecraft:powder_snow":1,"minecraft:clay":13,"minecraft:rose_bush":1,"minecraft:andesite_slab":1,"minecraft:lectern":28,"minecraft:tall_grass":48,"minecraft:cobblestone":9,"minecraft:bricks":1,"minecraft:sculk":69,"minecraft:coarse_dirt":4,"minecraft:red_terracotta":2,"minecraft:nether_wart_block":1,"minecraft:beehive":6,"minecraft:birch_log":2,"minecraft:sweet_berry_bush":1,"minecraft:birch_leaves":11,"minecraft:bee_nest":1,"minecraft:stone_brick_stairs":1,"minecraft:grass":93,"minecraft:sunflower":25,"minecraft:gravel":17,"minecraft:sand":11,"minecraft:dirt":17,"minecraft:terracotta":20,"minecraft:suspicious_gravel":1,"minecraft:fern":2},"minecraft:used":{"morebows:diamond_bow":1331,"simplyswords:iron_warglaive":90,"minecraft:shield":20,"minecraft:nether_wart":3,"minecraft:wooden_shovel":20,"minecraft:cooked_chicken":2,"minecraft:soul_sand":3,"minecraft:dirt":182,"minecraft:honey_bottle":4,"minecraft:lava_bucket":2,"minecraft:music_disc_pigstep":1,"minecraft:iron_axe":78,"minecraft:bow":43,"minecraft:golden_carrot":13,"minecraft:ender_pearl":43,"minecraft:chainmail_helmet":1,"minecraft:cobblestone_slab":222,"minecraft:terracotta":12,"minecraft:crafting_table":1,"minecraft:spruce_log":2,"minecraft:diamond_pickaxe":177,"minecraft:dark_oak_log":1,"minecraft:bread":30,"minecraft:iron_pickaxe":1,"minecraft:lectern":140,"simplyswords:iron_sai":8,"simplyswords:diamond_chakram":96,"minecraft:diamond_sword":388,"minecraft:cobblestone":63,"minecraft:cooked_porkchop":26,"minecraft:bucket":1,"minecraft:brush":2,"minecraft:experience_bottle":46}},"DataVersion":3465}