{"stats":{"minecraft:dropped":{"minecraft:iron_ingot":3,"minecraft:wheat_seeds":5,"minecraft:lapis_lazuli":1,"minecraft:cooked_beef":2,"minecraft:glass_bottle":1,"minecraft:cooked_porkchop":3,"minecraft:cobblestone":22,"minecraft:golden_apple":2,"minecraft:dirt":16,"minecraft:gray_wool":1,"minecraft:iron_leggings":1,"minecraft:white_wool":2,"minecraft:stone_axe":1,"minecraft:iron_nugget":6,"minecraft:cooked_chicken":4,"minecraft:chicken":5,"minecraft:oak_planks":16,"minecraft:golden_leggings":1,"minecraft:oak_sapling":2},"minecraft:custom":{"minecraft:mob_kills":70,"minecraft:interact_with_crafting_table":27,"minecraft:open_barrel":9,"minecraft:time_since_death":62517,"minecraft:climb_one_cm":1198,"minecraft:sprint_one_cm":183101,"minecraft:walk_one_cm":310774,"minecraft:damage_blocked_by_shield":1223,"minecraft:drop":29,"minecraft:talked_to_villager":4,"minecraft:play_time":244140,"minecraft:deaths":4,"minecraft:sneak_time":3536,"minecraft:walk_under_water_one_cm":15823,"minecraft:boat_one_cm":141013,"minecraft:jump":1749,"minecraft:interact_with_brewingstand":3,"minecraft:walk_on_water_one_cm":7684,"minecraft:total_world_time":244140,"minecraft:interact_with_furnace":57,"minecraft:sleep_in_bed":2,"minecraft:time_since_rest":52922,"minecraft:damage_taken":2621,"minecraft:damage_absorbed":40,"minecraft:trigger_trapped_chest":1,"minecraft:damage_dealt":9985,"minecraft:player_kills":1,"minecraft:swim_one_cm":26185,"minecraft:fly_one_cm":239548,"minecraft:open_chest":15,"minecraft:crouch_one_cm":6252,"minecraft:fall_one_cm":36966,"minecraft:inspect_dispenser":1},"minecraft:used":{"minecraft:oak_fence":5,"minecraft:stone_sword":2,"minecraft:flint_and_steel":2,"minecraft:shield":44,"minecraft:cooked_salmon":5,"minecraft:iron_chestplate":1,"minecraft:torch":4,"minecraft:dirt":31,"minecraft:wooden_axe":62,"minecraft:iron_axe":85,"minecraft:iron_helmet":1,"minecraft:iron_boots":1,"minecraft:oak_sapling":2,"minecraft:furnace":4,"minecraft:egg":1,"minecraft:cooked_beef":3,"minecraft:iron_leggings":1,"minecraft:cooked_mutton":8,"minecraft:mossy_stone_bricks":3,"minecraft:stone_pickaxe":172,"minecraft:oak_planks":23,"minecraft:wooden_pickaxe":58,"minecraft:golden_apple":1,"minecraft:oak_slab":1,"minecraft:crafting_table":6,"minecraft:white_bed":4,"minecraft:bread":4,"minecraft:iron_pickaxe":17,"minecraft:stone_axe":57,"minecraft:chiseled_stone_bricks":1,"minecraft:cobblestone":56,"minecraft:potion":1,"minecraft:cooked_porkchop":2,"minecraft:birch_log":1,"minecraft:oak_boat":2},"minecraft:killed":{"minecraft:cave_spider":1,"minecraft:witch":1,"minecraft:spider":1,"minecraft:vindicator":4,"minecraft:cod":3,"minecraft:skeleton":12,"minecraft:chicken":9,"minecraft:drowned":2,"minecraft:pig":3,"minecraft:bat":1,"minecraft:frog":1,"minecraft:creeper":1,"minecraft:sheep":10,"minecraft:pillager":6,"minecraft:zombie":8,"minecraft:player":1,"minecraft:cow":5},"minecraft:crafted":{"minecraft:oak_planks":100,"minecraft:cooked_chicken":4,"minecraft:furnace":4,"minecraft:cooked_mutton":15,"minecraft:flint_and_steel":1,"minecraft:iron_boots":1,"minecraft:iron_axe":1,"minecraft:stone_pickaxe":1,"minecraft:cooked_beef":4,"minecraft:cooked_porkchop":5,"minecraft:crafting_table":3,"minecraft:wooden_pickaxe":1,"minecraft:iron_helmet":1,"minecraft:stone_axe":1,"minecraft:air":0,"minecraft:oak_boat":1,"minecraft:iron_chestplate":1,"minecraft:shield":1,"minecraft:stick":8,"minecraft:iron_ingot":67,"minecraft:iron_pickaxe":1,"minecraft:wooden_axe":1,"minecraft:iron_leggings":1,"minecraft:white_bed":2,"minecraft:torch":8},"minecraft:mined":{"minecraft:white_bed":1,"minecraft:glow_lichen":1,"minecraft:granite":1,"minecraft:stripped_crimson_hyphae":1,"minecraft:grass_block":18,"minecraft:spawner":1,"minecraft:furnace":6,"minecraft:iron_ore":44,"minecraft:fire":1,"minecraft:deepslate_lapis_ore":3,"minecraft:deepslate_iron_ore":10,"minecraft:rail":1,"minecraft:stone":110,"minecraft:oak_slab":1,"minecraft:crafting_table":4,"minecraft:torch":2,"minecraft:jungle_stairs":1,"minecraft:tall_grass":15,"minecraft:cobblestone":20,"minecraft:lapis_ore":2,"minecraft:cyan_bed":1,"minecraft:sugar_cane":7,"minecraft:oak_planks":9,"minecraft:birch_log":1,"minecraft:grass":31,"minecraft:coal_ore":38,"minecraft:oak_log":22,"minecraft:gravel":3,"minecraft:sand":1,"minecraft:dirt":9,"minecraft:cobweb":1,"minecraft:oak_leaves":42,"minecraft:deepslate":2},"minecraft:picked_up":{"minecraft:crafting_table":6,"minecraft:chicken":9,"minecraft:string":4,"minecraft:cooked_salmon":2,"minecraft:iron_leggings":1,"minecraft:cobbled_deepslate":2,"minecraft:beef":14,"minecraft:oak_boat":1,"minecraft:sugar_cane":10,"minecraft:egg":1,"minecraft:furnace":6,"minecraft:raw_iron":53,"minecraft:stick":10,"minecraft:stripped_crimson_hyphae":1,"minecraft:oak_fence":5,"minecraft:torch":2,"minecraft:porkchop":7,"minecraft:stone_sword":1,"minecraft:arrow":24,"minecraft:rotten_flesh":7,"minecraft:mutton":15,"minecraft:white_wool":8,"minecraft:rail":1,"minecraft:cobblestone":134,"minecraft:birch_log":1,"minecraft:feather":9,"minecraft:cooked_beef":2,"minecraft:water_bucket":1,"minecraft:leather":5,"minecraft:filled_map":1,"minecraft:flint":3,"minecraft:oak_log":25,"minecraft:gunpowder":8,"minecraft:lapis_lazuli":29,"minecraft:dirt":47,"minecraft:bone":11,"minecraft:wheat_seeds":5,"minecraft:stone_pickaxe":1,"minecraft:iron_ingot":5,"minecraft:mossy_stone_bricks":3,"minecraft:oak_planks":33,"minecraft:oak_slab":1,"minecraft:chiseled_stone_bricks":1,"minecraft:sand":1,"minecraft:white_bed":2,"minecraft:cyan_bed":1,"minecraft:spider_eye":1,"minecraft:gray_wool":1,"minecraft:emerald":6,"minecraft:oak_sapling":4,"minecraft:black_wool":1,"minecraft:coal":58},"minecraft:killed_by":{"minecraft:player":1,"minecraft:skeleton":1,"minecraft:zombie":1},"minecraft:broken":{"minecraft:wooden_pickaxe":1,"minecraft:stone_pickaxe":1,"minecraft:wooden_axe":1}},"DataVersion":3465}