{"stats":{"minecraft:broken":{"minecraft:diamond_helmet":1},"minecraft:dropped":{"minecraft:enchanted_book":11,"minecraft:iron_ingot":251,"minecraft:stripped_spruce_log":2,"adventurez:gilded_blackstone_shard":4,"minecraft:dark_oak_stairs":54,"minecraft:lapis_lazuli":16,"minecraft:glass_bottle":4,"minecraft:ender_pearl":16,"minecraft:diamond":24,"minecraft:lead":1,"minecraft:amethyst_block":10,"minecraft:saddle":8,"minecraft:copper_ingot":1,"minecraft:grass_block":4,"minecraft:coal":125,"minecraft:golden_apple":16,"minecraft:stick":65,"minecraft:flint":16,"minecraft:emerald":192,"minecraft:diamond_horse_armor":1,"minecraft:dirt":342,"minecraft:dark_oak_log":60,"minecraft:netherite_scrap":1,"minecraft:brush":1,"minecraft:golden_carrot":22,"minecraft:torch":33,"minecraft:mutton":1,"minecraft:crimson_roots":1,"minecraft:snout_armor_trim_smithing_template":1,"minecraft:gold_nugget":128,"minecraft:amethyst_shard":8,"minecraft:phantom_membrane":192,"minecraft:heart_of_the_sea":2,"minecraft:sugar":7,"minecraft:paper":18,"minecraft:string":9,"minecraft:white_wool":2,"minecraft:bucket":2,"simplyswords:iron_sai":1,"minecraft:redstone":38,"minecraft:bone":640,"minecraft:gold_ingot":110,"minecraft:gravel":8,"minecraft:chiseled_polished_blackstone":1,"minecraft:sweet_berries":14,"minecraft:sugar_cane":6,"minecraft:netherite_ingot":2,"minecraft:blaze_rod":62,"minecraft:raw_copper":24,"minecraft:raw_iron":56,"minecraft:pointed_dripstone":19,"the_bumblezone:bee_stinger":2,"minecraft:rotten_flesh":195,"minecraft:clay_ball":16,"minecraft:oak_planks":8,"minecraft:glowstone_dust":37,"minecraft:name_tag":20,"minecraft:totem_of_undying":2,"minecraft:oak_sign":6,"bosses_of_mass_destruction:ancient_anima":2,"minecraft:glass_pane":18,"minecraft:filled_map":1,"bosses_of_mass_destruction:soul_star":19,"minecraft:hay_block":1,"minecraft:potato":7,"minecraft:cobblestone_slab":42,"minecraft:stone":2,"minecraft:gunpowder":2,"minecraft:skeleton_skull":1,"minecraft:spruce_planks":4,"minecraft:oak_boat":1,"minecraft:chest":3,"minecraft:spider_eye":13,"minecraft:stone_bricks":1,"minecraft:bamboo":512,"minecraft:spruce_log":39,"minecraft:slime_ball":5,"minecraft:arrow":320,"minecraft:glass":12,"minecraft:raw_gold":56,"waystones:waystone":4,"minecraft:magma_cream":27,"minecraft:stripped_spruce_wood":1,"minecraft:egg":1},"minecraft:killed":{"minecraft:witch":2,"minecraft:endermite":1,"minecraft:spider":4,"adventurez:necromancer":1,"minecraft:phantom":27,"minecraft:skeleton":106,"creeperoverhaul:dark_oak_creeper":1,"minecraft:wolf":1,"adventurez:wither_puppet":15,"adventurez:ender_whale":1,"creeperoverhaul:spruce_creeper":1,"minecraft:creeper":5,"adventurez:enderwarthog":1,"minecraft:zombie":17,"minecraft:blaze":9,"minecraft:enderman":1},"minecraft:custom":{"minecraft:interact_with_smithing_table":1,"minecraft:interact_with_anvil":13,"minecraft:mob_kills":197,"minecraft:interact_with_crafting_table":11,"minecraft:open_barrel":28,"minecraft:interact_with_campfire":3,"minecraft:leave_game":10,"minecraft:time_since_death":94798,"minecraft:climb_one_cm":28310,"minecraft:sprint_one_cm":533824,"minecraft:walk_one_cm":1113073,"minecraft:damage_blocked_by_shield":525,"minecraft:drop":175,"minecraft:talked_to_villager":17,"minecraft:play_time":367996,"minecraft:sneak_time":5407,"minecraft:deaths":2,"minecraft:walk_under_water_one_cm":34262,"minecraft:jump":2878,"minecraft:enchant_item":8,"minecraft:walk_on_water_one_cm":34816,"minecraft:total_world_time":367996,"minecraft:play_record":11,"minecraft:sleep_in_bed":2,"minecraft:time_since_rest":61063,"minecraft:waystone_activated":8,"minecraft:damage_taken":3942,"minecraft:damage_dealt":35169,"minecraft:swim_one_cm":2151,"minecraft:fly_one_cm":1000898,"minecraft:player_kills":1,"minecraft:open_chest":196,"minecraft:crouch_one_cm":10521,"minecraft:interact_with_smoker":1,"minecraft:fall_one_cm":80819,"minecraft:horse_one_cm":430016},"minecraft:crafted":{"minecraft:oak_planks":16,"travelersbackpack:diamond":1,"minecraft:iron_axe":1,"minecraft:chest":9,"minecraft:crafting_table":1,"minecraft:spruce_planks":72,"minecraft:iron_helmet":1,"minecraft:spruce_door":3,"minecraft:smithing_table":1,"minecraft:jungle_planks":36,"minecraft:stick":2},"minecraft:killed_by":{"minecraft:player":1,"minecraft:skeleton":1},"minecraft:picked_up":{"minecraft:iron_chestplate":4,"simplyswords:iron_sai":1,"minecraft:anvil":2,"minecraft:nether_wart":1,"minecraft:clay_ball":32,"minecraft:smithing_table":1,"minecraft:lead":2,"minecraft:enchanted_book":22,"minecraft:diamond_horse_armor":2,"minecraft:amethyst_block":15,"minecraft:string":26,"minecraft:red_bed":1,"minecraft:raw_copper":48,"minecraft:netherite_scrap":2,"minecraft:iron_leggings":2,"minecraft:netherite_ingot":4,"minecraft:oak_sign":12,"minecraft:glass_pane":27,"minecraft:deepslate_tiles":1,"adventurez:warthog_meat":3,"minecraft:gold_nugget":145,"bosses_of_mass_destruction:soul_star":40,"minecraft:bucket":3,"minecraft:spruce_planks":4,"minecraft:beef":3,"minecraft:oak_boat":2,"minecraft:rose_bush":2,"minecraft:cobblestone_slab":86,"adventurez:warthog_shell_piece":3,"minecraft:sugar_cane":17,"minecraft:chest":6,"minecraft:egg":3,"minecraft:phantom_membrane":204,"minecraft:raw_iron":70,"minecraft:stick":99,"minecraft:stone":3,"minecraft:jukebox":3,"minecraft:copper_ingot":2,"minecraft:torch":66,"minecraft:brick_wall":2,"travelersbackpack:iron_tier_upgrade":1,"minecraft:pointed_dripstone":38,"minecraft:music_disc_pigstep":11,"minecraft:redstone":68,"minecraft:deepslate_tile_stairs":1,"the_bumblezone:bee_stinger":4,"minecraft:tnt":2,"minecraft:arrow":612,"minecraft:rotten_flesh":310,"minecraft:hay_block":1,"minecraft:gold_ingot":207,"minecraft:saddle":16,"minecraft:totem_of_undying":3,"minecraft:blaze_rod":108,"minecraft:mutton":2,"minecraft:obsidian":25,"bosses_of_mass_destruction:ancient_anima":4,"minecraft:skeleton_skull":2,"minecraft:white_wool":3,"minecraft:cobblestone":4,"minecraft:cooked_beef":3,"minecraft:lilac":1,"minecraft:magma_cream":54,"minecraft:golden_carrot":45,"minecraft:leather":2,"minecraft:jungle_wood":9,"minecraft:birch_planks":13,"minecraft:potato":11,"minecraft:filled_map":1,"minecraft:flint":36,"minecraft:oak_log":14,"adventurez:gilded_blackstone_shard":6,"minecraft:gunpowder":12,"adventurez:ender_whale_meat":4,"minecraft:lapis_lazuli":24,"minecraft:dirt":353,"minecraft:paper":36,"minecraft:lantern":7,"minecraft:name_tag":40,"minecraft:glass":18,"minecraft:bone":1041,"minecraft:stone_bricks":1,"minecraft:wheat_seeds":15,"minecraft:raw_gold":112,"minecraft:spore_blossom":1,"minecraft:heart_of_the_sea":3,"minecraft:iron_ingot":458,"minecraft:bamboo":890,"adventurez:ender_whale_skin":5,"minecraft:glass_bottle":12,"minecraft:glowstone_dust":75,"minecraft:oak_planks":11,"minecraft:soul_sand":2,"minecraft:dark_oak_stairs":81,"minecraft:book":6,"minecraft:chiseled_polished_blackstone":1,"minecraft:sweet_berries":21,"minecraft:brush":2,"minecraft:dandelion":1,"minecraft:gravel":19,"minecraft:jungle_planks":24,"minecraft:amethyst_shard":16,"minecraft:stripped_spruce_log":6,"minecraft:spruce_sapling":1,"minecraft:spruce_log":60,"minecraft:grass_block":7,"minecraft:dark_oak_log":90,"minecraft:spider_eye":33,"minecraft:snout_armor_trim_smithing_template":2,"minecraft:sugar":21,"minecraft:slime_ball":10,"waystones:waystone":10,"minecraft:granite":1,"minecraft:golden_apple":32,"niftycarts:animal_cart":1,"minecraft:emerald":124,"minecraft:terracotta":6,"minecraft:coarse_dirt":2,"minecraft:coal":250,"minecraft:sunflower":11,"minecraft:ender_pearl":27},"minecraft:mined":{"minecraft:dark_oak_planks":1,"minecraft:deepslate_tiles":1,"minecraft:dark_prismarine":2,"minecraft:spruce_planks":3,"minecraft:dark_oak_leaves":9,"minecraft:sculk_vein":1,"minecraft:dark_oak_log":2,"minecraft:purple_terracotta":6,"minecraft:stripped_crimson_hyphae":1,"minecraft:grass_block":7,"minecraft:jungle_planks":1,"minecraft:spruce_leaves":3,"minecraft:deepslate_tile_stairs":1,"minecraft:spawner":18,"minecraft:large_fern":1,"minecraft:fire":1,"minecraft:cobbled_deepslate":7,"minecraft:anvil":2,"minecraft:cobblestone_slab":2,"minecraft:stone":1,"minecraft:smithing_table":1,"minecraft:podzol":2,"minecraft:brown_mushroom":1,"minecraft:brick_wall":2,"minecraft:clay":5,"minecraft:rose_bush":3,"minecraft:tall_grass":15,"minecraft:cobblestone":52,"minecraft:oak_planks":4,"minecraft:sugar_cane":11,"minecraft:spruce_stairs":1,"minecraft:coarse_dirt":2,"minecraft:jungle_wood":9,"minecraft:lilac":2,"minecraft:jukebox":3,"minecraft:birch_leaves":1,"minecraft:grass":30,"minecraft:gravel":6,"minecraft:sunflower":1,"minecraft:dirt":10,"minecraft:terracotta":7,"minecraft:fern":1},"minecraft:used":{"minecraft:oak_fence":52,"simplyswords:thunderbrand":320,"minecraft:enchanting_table":1,"minecraft:chest":97,"morebows:diamond_bow":290,"minecraft:spruce_planks":248,"minecraft:shield":24,"adventurez:spawn_ender_whale":1,"minecraft:stone":345,"minecraft:nether_wart":41,"minecraft:soul_sand":53,"minecraft:dirt":147,"minecraft:anvil":4,"minecraft:jungle_planks":13,"minecraft:oak_fence_gate":4,"minecraft:obsidian":15,"minecraft:stripped_spruce_log":216,"minecraft:dark_oak_planks":99,"minecraft:lava_bucket":2,"minecraft:music_disc_pigstep":11,"minecraft:bookshelf":17,"minecraft:lantern":45,"minecraft:iron_axe":3,"minecraft:grass_block":246,"minecraft:oak_stairs":4,"minecraft:iron_helmet":1,"minecraft:light_blue_bed":1,"simplyswords:diamond_greathammer":8,"minecraft:stone_brick_stairs":17,"minecraft:stone_bricks":36,"minecraft:golden_carrot":9,"minecraft:furnace":11,"minecraft:stripped_spruce_wood":11,"minecraft:golden_axe":9,"minecraft:dark_oak_stairs":387,"minecraft:water_bucket":84,"minecraft:mossy_stone_bricks":4,"minecraft:cobblestone_stairs":27,"minecraft:spruce_door":2,"minecraft:oak_planks":135,"minecraft:ender_pearl":8,"minecraft:sugar_cane":18,"minecraft:cobblestone_slab":101,"minecraft:white_wool":1,"minecraft:stripped_dark_oak_log":6,"minecraft:terracotta":3,"minecraft:crafting_table":1,"minecraft:red_bed":1,"minecraft:blast_furnace":6,"minecraft:spruce_log":4,"minecraft:smoker":4,"waystones:waystone":8,"minecraft:diamond_pickaxe":109,"adventurez:spawn_enderwarthog":1,"minecraft:bread":57,"minecraft:map":1,"minecraft:gravel":3,"minecraft:chiseled_stone_bricks":12,"minecraft:diamond_sword":6,"minecraft:cobblestone":113,"minecraft:stripped_oak_wood":118,"minecraft:grindstone":1,"minecraft:cooked_porkchop":1,"minecraft:smithing_table":2,"minecraft:bucket":70,"minecraft:glass_pane":53,"minecraft:jukebox":3,"minecraft:experience_bottle":9}},"DataVersion":3465}