{"stats":{"minecraft:dropped":{"minecraft:iron_ingot":3,"minecraft:bread":3,"minecraft:wheat_seeds":5,"minecraft:lapis_lazuli":1,"minecraft:cooked_beef":2,"minecraft:glass_bottle":1,"minecraft:cooked_porkchop":3,"minecraft:cobblestone":22,"minecraft:glow_berries":3,"travelersbackpack:blue_sleeping_bag":1,"minecraft:golden_apple":2,"minecraft:stick":4,"minecraft:dirt":16,"minecraft:gray_wool":1,"minecraft:cooked_salmon":5,"minecraft:iron_leggings":1,"minecraft:white_wool":2,"minecraft:bone":36,"minecraft:gravel":10,"minecraft:stone_axe":1,"minecraft:iron_nugget":6,"minecraft:cooked_chicken":4,"minecraft:chicken":5,"minecraft:oak_planks":16,"minecraft:golden_leggings":1,"minecraft:oak_sapling":2,"minecraft:bow":2},"minecraft:custom":{"minecraft:mob_kills":89,"minecraft:interact_with_crafting_table":34,"minecraft:open_barrel":9,"minecraft:leave_game":1,"minecraft:time_since_death":102938,"minecraft:climb_one_cm":2306,"minecraft:sprint_one_cm":244934,"minecraft:walk_one_cm":377508,"minecraft:damage_blocked_by_shield":1513,"minecraft:drop":42,"minecraft:talked_to_villager":4,"minecraft:play_time":284561,"minecraft:deaths":4,"minecraft:sneak_time":3840,"minecraft:walk_under_water_one_cm":21449,"minecraft:boat_one_cm":149682,"minecraft:jump":2125,"minecraft:interact_with_brewingstand":3,"minecraft:walk_on_water_one_cm":10835,"minecraft:total_world_time":284561,"minecraft:interact_with_furnace":65,"minecraft:sleep_in_bed":2,"minecraft:time_since_rest":93343,"minecraft:damage_taken":2882,"minecraft:damage_absorbed":40,"minecraft:trigger_trapped_chest":1,"minecraft:damage_dealt":12388,"minecraft:swim_one_cm":34729,"minecraft:fly_one_cm":313944,"minecraft:player_kills":2,"minecraft:open_chest":24,"minecraft:crouch_one_cm":6881,"minecraft:fall_one_cm":43115,"minecraft:inspect_dispenser":1},"minecraft:used":{"minecraft:oak_fence":5,"minecraft:stone_sword":2,"minecraft:flint_and_steel":2,"minecraft:shield":55,"minecraft:cooked_salmon":5,"minecraft:iron_chestplate":1,"minecraft:torch":4,"minecraft:dirt":31,"minecraft:wooden_axe":62,"minecraft:iron_axe":154,"minecraft:iron_helmet":1,"minecraft:iron_boots":1,"minecraft:oak_sapling":2,"minecraft:furnace":6,"minecraft:egg":1,"minecraft:cooked_beef":4,"minecraft:iron_leggings":1,"minecraft:cooked_mutton":8,"minecraft:water_bucket":3,"minecraft:mossy_stone_bricks":3,"minecraft:stone_pickaxe":172,"minecraft:oak_planks":32,"minecraft:wooden_pickaxe":58,"minecraft:glow_berries":3,"minecraft:golden_apple":1,"minecraft:sand":1,"minecraft:oak_slab":1,"minecraft:crafting_table":8,"minecraft:white_bed":4,"minecraft:bread":10,"minecraft:iron_pickaxe":29,"minecraft:stone_axe":57,"minecraft:chiseled_stone_bricks":1,"minecraft:cobblestone":56,"minecraft:potion":1,"minecraft:cooked_porkchop":2,"minecraft:bucket":3,"minecraft:birch_log":1,"minecraft:oak_boat":2},"minecraft:killed":{"minecraft:cave_spider":1,"minecraft:witch":1,"minecraft:spider":1,"minecraft:vindicator":4,"minecraft:cod":3,"minecraft:slime":7,"minecraft:skeleton":17,"minecraft:chicken":10,"minecraft:drowned":2,"minecraft:pig":3,"minecraft:zombie_villager":1,"minecraft:bat":1,"minecraft:frog":1,"minecraft:creeper":1,"minecraft:sheep":10,"minecraft:pillager":6,"minecraft:zombie":11,"minecraft:player":2,"minecraft:cow":6},"minecraft:crafted":{"minecraft:oak_planks":100,"minecraft:cooked_chicken":4,"minecraft:furnace":4,"minecraft:cooked_mutton":15,"minecraft:flint_and_steel":1,"minecraft:glass":12,"minecraft:bow":2,"minecraft:iron_boots":1,"minecraft:iron_axe":2,"minecraft:stone_pickaxe":1,"minecraft:chest":1,"minecraft:cooked_beef":4,"minecraft:cooked_porkchop":5,"minecraft:crafting_table":3,"travelersbackpack:backpack_tank":2,"travelersbackpack:standard":1,"minecraft:wooden_pickaxe":1,"minecraft:iron_helmet":1,"travelersbackpack:blue_sleeping_bag":1,"minecraft:stone_axe":1,"minecraft:air":0,"minecraft:blue_dye":2,"minecraft:oak_boat":1,"minecraft:white_wool":3,"minecraft:iron_chestplate":1,"minecraft:shield":1,"minecraft:stick":16,"minecraft:iron_pickaxe":1,"minecraft:iron_ingot":67,"minecraft:wooden_axe":1,"minecraft:blue_wool":2,"minecraft:iron_leggings":1,"minecraft:white_bed":2,"minecraft:torch":8},"minecraft:mined":{"minecraft:white_bed":1,"minecraft:glow_lichen":1,"minecraft:granite":1,"minecraft:stripped_crimson_hyphae":1,"minecraft:grass_block":18,"minecraft:spawner":1,"minecraft:furnace":8,"minecraft:iron_ore":44,"minecraft:fire":1,"minecraft:deepslate_lapis_ore":3,"minecraft:bookshelf":8,"minecraft:deepslate_iron_ore":10,"minecraft:rail":1,"minecraft:stone":110,"minecraft:oak_slab":1,"minecraft:crafting_table":6,"minecraft:torch":2,"minecraft:jungle_stairs":1,"minecraft:tall_grass":15,"minecraft:cobblestone":20,"minecraft:lapis_ore":2,"minecraft:cyan_bed":1,"minecraft:sugar_cane":9,"minecraft:oak_planks":18,"minecraft:birch_log":1,"minecraft:stone_brick_stairs":3,"minecraft:grass":32,"minecraft:oak_log":22,"minecraft:coal_ore":38,"minecraft:gravel":58,"minecraft:sand":14,"minecraft:dirt":9,"minecraft:cobweb":1,"minecraft:stone_bricks":2,"minecraft:mossy_stone_bricks":2,"minecraft:emerald_block":3,"minecraft:oak_leaves":42,"minecraft:deepslate":2,"minecraft:fern":1,"minecraft:suspicious_gravel":3},"minecraft:picked_up":{"minecraft:crafting_table":8,"minecraft:chicken":9,"minecraft:smithing_table":1,"minecraft:stone_brick_stairs":3,"minecraft:music_disc_cat":1,"minecraft:string":13,"minecraft:cooked_salmon":7,"minecraft:iron_leggings":1,"minecraft:cobbled_deepslate":2,"minecraft:beef":15,"minecraft:oak_boat":1,"minecraft:sugar_cane":16,"minecraft:furnace":8,"minecraft:egg":1,"minecraft:stripped_crimson_hyphae":1,"minecraft:stick":10,"minecraft:raw_iron":53,"minecraft:oak_fence":5,"minecraft:torch":2,"minecraft:porkchop":7,"minecraft:stone_sword":1,"minecraft:arrow":27,"minecraft:rotten_flesh":7,"minecraft:glow_berries":3,"minecraft:mutton":15,"minecraft:rail":1,"minecraft:white_wool":8,"minecraft:cobblestone":134,"minecraft:birch_log":1,"minecraft:feather":18,"minecraft:cooked_beef":2,"minecraft:water_bucket":1,"minecraft:leather":6,"minecraft:potato":24,"minecraft:filled_map":1,"minecraft:flint":12,"minecraft:oak_log":25,"minecraft:gunpowder":8,"minecraft:lapis_lazuli":93,"minecraft:dirt":47,"minecraft:lantern":6,"minecraft:bone":54,"minecraft:stone_bricks":2,"minecraft:bow":1,"minecraft:wheat_seeds":5,"minecraft:grindstone":1,"minecraft:stone_pickaxe":1,"minecraft:iron_ingot":18,"minecraft:mossy_stone_bricks":5,"minecraft:oak_planks":42,"minecraft:book":18,"minecraft:oak_slab":1,"minecraft:emerald_block":3,"minecraft:chiseled_stone_bricks":1,"minecraft:gravel":10,"minecraft:sand":14,"travelersbackpack:blue_sleeping_bag":1,"minecraft:white_bed":2,"minecraft:cyan_bed":1,"minecraft:spider_eye":1,"minecraft:diamond":1,"minecraft:gray_wool":1,"minecraft:bread":3,"minecraft:emerald":6,"minecraft:oak_sapling":4,"minecraft:black_wool":1,"minecraft:coal":102},"minecraft:killed_by":{"minecraft:player":1,"minecraft:skeleton":1,"minecraft:zombie":1},"minecraft:broken":{"minecraft:wooden_pickaxe":1,"minecraft:stone_pickaxe":1,"minecraft:wooden_axe":1}},"DataVersion":3465}