{"stats":{"minecraft:dropped":{"minecraft:iron_ingot":1,"minecraft:wheat_seeds":2,"minecraft:cooked_chicken":4,"minecraft:cobblestone":22,"minecraft:oak_planks":16,"minecraft:golden_apple":2,"minecraft:golden_leggings":1},"minecraft:custom":{"minecraft:interact_with_furnace":4,"minecraft:mob_kills":24,"minecraft:interact_with_crafting_table":10,"minecraft:time_since_death":155719,"minecraft:sleep_in_bed":1,"minecraft:time_since_rest":6522,"minecraft:sprint_one_cm":59010,"minecraft:damage_absorbed":40,"minecraft:damage_taken":410,"minecraft:walk_one_cm":70200,"minecraft:drop":13,"minecraft:damage_dealt":2138,"minecraft:fly_one_cm":82296,"minecraft:open_chest":1,"minecraft:crouch_one_cm":2174,"minecraft:play_time":160140,"minecraft:deaths":1,"minecraft:sneak_time":1966,"minecraft:jump":416,"minecraft:total_world_time":160140,"minecraft:fall_one_cm":10959},"minecraft:used":{"minecraft:cooked_mutton":3,"minecraft:stone_pickaxe":95,"minecraft:wooden_pickaxe":58,"minecraft:torch":2,"minecraft:golden_apple":1,"minecraft:dirt":28,"minecraft:crafting_table":3,"minecraft:white_bed":2,"minecraft:wooden_axe":62,"minecraft:stone_axe":11,"minecraft:cobblestone":5,"minecraft:furnace":2,"minecraft:oak_sapling":2,"minecraft:egg":1},"minecraft:killed":{"minecraft:cave_spider":1,"minecraft:pig":3,"minecraft:sheep":10,"minecraft:zombie":2,"minecraft:chicken":4,"minecraft:cow":4},"minecraft:crafted":{"minecraft:oak_planks":100,"minecraft:crafting_table":2,"minecraft:wooden_pickaxe":1,"minecraft:cooked_chicken":4,"minecraft:furnace":2,"minecraft:stone_axe":1,"minecraft:cooked_mutton":8,"minecraft:air":0,"minecraft:shield":1,"minecraft:iron_ingot":2,"minecraft:wooden_axe":1,"minecraft:white_bed":2,"minecraft:torch":8},"minecraft:mined":{"minecraft:crafting_table":1,"minecraft:torch":2,"minecraft:grass_block":18,"minecraft:cobblestone":4,"minecraft:tall_grass":14,"minecraft:spawner":1,"minecraft:iron_ore":22,"minecraft:grass":26,"minecraft:oak_log":22,"minecraft:coal_ore":28,"minecraft:dirt":7,"minecraft:stone":95,"minecraft:oak_leaves":42},"minecraft:picked_up":{"minecraft:crafting_table":1,"minecraft:feather":6,"minecraft:chicken":4,"minecraft:leather":5,"minecraft:oak_log":25,"minecraft:dirt":39,"minecraft:wheat_seeds":4,"minecraft:beef":9,"minecraft:stone_pickaxe":1,"minecraft:oak_planks":7,"minecraft:egg":1,"minecraft:stick":8,"minecraft:raw_iron":22,"minecraft:torch":2,"minecraft:porkchop":5,"minecraft:spider_eye":1,"minecraft:stone_sword":1,"minecraft:rotten_flesh":3,"minecraft:gray_wool":1,"minecraft:oak_sapling":4,"minecraft:black_wool":1,"minecraft:mutton":15,"minecraft:coal":28,"minecraft:white_wool":8,"minecraft:cobblestone":94},"minecraft:killed_by":{"minecraft:zombie":1},"minecraft:broken":{"minecraft:wooden_axe":1,"minecraft:wooden_pickaxe":1}},"DataVersion":3465}