{"stats":{"minecraft:custom":{"minecraft:jump":105,"minecraft:time_since_rest":4140,"minecraft:damage_dealt":10,"minecraft:crouch_one_cm":15,"minecraft:sprint_one_cm":15099,"minecraft:play_time":4140,"minecraft:damage_taken":75,"minecraft:time_since_death":4140,"minecraft:walk_one_cm":2135,"minecraft:sneak_time":1,"minecraft:total_world_time":4140,"minecraft:fall_one_cm":3402,"minecraft:fly_one_cm":35445},"minecraft:picked_up":{"minecraft:oak_log":3,"minecraft:dirt":14},"minecraft:mined":{"minecraft:tall_grass":2,"minecraft:grass":2}},"DataVersion":3465}