{"stats":{"minecraft:dropped":{"minecraft:iron_ingot":3,"minecraft:wheat_seeds":5,"minecraft:cooked_beef":2,"minecraft:cooked_porkchop":3,"minecraft:cobblestone":22,"minecraft:golden_apple":2,"minecraft:gray_wool":1,"minecraft:iron_leggings":1,"minecraft:stone_axe":1,"minecraft:iron_nugget":6,"minecraft:cooked_chicken":4,"minecraft:chicken":5,"minecraft:oak_planks":16,"minecraft:golden_leggings":1,"minecraft:oak_sapling":2},"minecraft:custom":{"minecraft:mob_kills":57,"minecraft:interact_with_crafting_table":27,"minecraft:open_barrel":2,"minecraft:time_since_death":50517,"minecraft:sprint_one_cm":169921,"minecraft:walk_one_cm":238020,"minecraft:damage_blocked_by_shield":1163,"minecraft:drop":24,"minecraft:talked_to_villager":4,"minecraft:play_time":232140,"minecraft:deaths":4,"minecraft:sneak_time":3337,"minecraft:walk_under_water_one_cm":13779,"minecraft:boat_one_cm":84637,"minecraft:jump":1637,"minecraft:walk_on_water_one_cm":6261,"minecraft:total_world_time":232140,"minecraft:interact_with_furnace":57,"minecraft:sleep_in_bed":2,"minecraft:time_since_rest":40922,"minecraft:damage_taken":2159,"minecraft:damage_absorbed":40,"minecraft:damage_dealt":7362,"minecraft:player_kills":1,"minecraft:swim_one_cm":21815,"minecraft:fly_one_cm":228077,"minecraft:open_chest":7,"minecraft:crouch_one_cm":5667,"minecraft:fall_one_cm":35530},"minecraft:used":{"minecraft:oak_fence":5,"minecraft:stone_sword":2,"minecraft:shield":42,"minecraft:iron_chestplate":1,"minecraft:torch":4,"minecraft:dirt":31,"minecraft:wooden_axe":62,"minecraft:iron_axe":46,"minecraft:iron_helmet":1,"minecraft:iron_boots":1,"minecraft:oak_sapling":2,"minecraft:furnace":4,"minecraft:egg":1,"minecraft:cooked_beef":3,"minecraft:iron_leggings":1,"minecraft:cooked_mutton":8,"minecraft:stone_pickaxe":172,"minecraft:oak_planks":20,"minecraft:wooden_pickaxe":58,"minecraft:golden_apple":1,"minecraft:oak_slab":1,"minecraft:crafting_table":6,"minecraft:white_bed":4,"minecraft:bread":4,"minecraft:iron_pickaxe":17,"minecraft:stone_axe":57,"minecraft:cobblestone":56,"minecraft:cooked_porkchop":2,"minecraft:birch_log":1,"minecraft:oak_boat":2},"minecraft:killed":{"minecraft:cave_spider":1,"minecraft:spider":1,"minecraft:vindicator":2,"minecraft:skeleton":12,"minecraft:chicken":9,"minecraft:pig":3,"minecraft:bat":1,"minecraft:frog":1,"minecraft:creeper":1,"minecraft:sheep":10,"minecraft:pillager":2,"minecraft:zombie":8,"minecraft:player":1,"minecraft:cow":5},"minecraft:crafted":{"minecraft:oak_planks":100,"minecraft:cooked_chicken":4,"minecraft:furnace":4,"minecraft:cooked_mutton":15,"minecraft:iron_boots":1,"minecraft:iron_axe":1,"minecraft:stone_pickaxe":1,"minecraft:cooked_beef":4,"minecraft:cooked_porkchop":5,"minecraft:crafting_table":3,"minecraft:wooden_pickaxe":1,"minecraft:iron_helmet":1,"minecraft:stone_axe":1,"minecraft:air":0,"minecraft:oak_boat":1,"minecraft:iron_chestplate":1,"minecraft:shield":1,"minecraft:stick":8,"minecraft:iron_ingot":67,"minecraft:iron_pickaxe":1,"minecraft:wooden_axe":1,"minecraft:iron_leggings":1,"minecraft:white_bed":2,"minecraft:torch":8},"minecraft:mined":{"minecraft:white_bed":1,"minecraft:glow_lichen":1,"minecraft:granite":1,"minecraft:stripped_crimson_hyphae":1,"minecraft:grass_block":18,"minecraft:spawner":1,"minecraft:furnace":6,"minecraft:iron_ore":44,"minecraft:deepslate_lapis_ore":3,"minecraft:deepslate_iron_ore":10,"minecraft:rail":1,"minecraft:stone":110,"minecraft:oak_slab":1,"minecraft:crafting_table":4,"minecraft:torch":2,"minecraft:tall_grass":15,"minecraft:cobblestone":20,"minecraft:lapis_ore":2,"minecraft:cyan_bed":1,"minecraft:oak_planks":9,"minecraft:birch_log":1,"minecraft:grass":31,"minecraft:coal_ore":38,"minecraft:oak_log":22,"minecraft:sand":1,"minecraft:dirt":9,"minecraft:cobweb":1,"minecraft:oak_leaves":42,"minecraft:deepslate":2},"minecraft:picked_up":{"minecraft:crafting_table":6,"minecraft:chicken":9,"minecraft:string":4,"minecraft:cooked_salmon":2,"minecraft:iron_leggings":1,"minecraft:cobbled_deepslate":2,"minecraft:beef":14,"minecraft:oak_boat":1,"minecraft:egg":1,"minecraft:furnace":6,"minecraft:raw_iron":53,"minecraft:stick":10,"minecraft:stripped_crimson_hyphae":1,"minecraft:oak_fence":5,"minecraft:torch":2,"minecraft:porkchop":7,"minecraft:stone_sword":1,"minecraft:arrow":21,"minecraft:rotten_flesh":7,"minecraft:mutton":15,"minecraft:white_wool":8,"minecraft:rail":1,"minecraft:cobblestone":134,"minecraft:birch_log":1,"minecraft:feather":9,"minecraft:cooked_beef":2,"minecraft:leather":5,"minecraft:filled_map":1,"minecraft:oak_log":25,"minecraft:gunpowder":1,"minecraft:lapis_lazuli":28,"minecraft:dirt":39,"minecraft:bone":11,"minecraft:wheat_seeds":5,"minecraft:stone_pickaxe":1,"minecraft:iron_ingot":5,"minecraft:oak_planks":18,"minecraft:oak_slab":1,"minecraft:sand":1,"minecraft:white_bed":2,"minecraft:cyan_bed":1,"minecraft:spider_eye":1,"minecraft:gray_wool":1,"minecraft:emerald":3,"minecraft:oak_sapling":4,"minecraft:black_wool":1,"minecraft:coal":58},"minecraft:killed_by":{"minecraft:player":1,"minecraft:skeleton":1,"minecraft:zombie":1},"minecraft:broken":{"minecraft:wooden_pickaxe":1,"minecraft:stone_pickaxe":1,"minecraft:wooden_axe":1}},"DataVersion":3465}