{"stats":{"minecraft:dropped":{"minecraft:iron_ingot":3,"minecraft:wheat_seeds":5,"minecraft:iron_nugget":6,"minecraft:cooked_chicken":4,"minecraft:cooked_porkchop":3,"minecraft:cobblestone":22,"minecraft:oak_planks":16,"minecraft:golden_apple":2,"minecraft:gray_wool":1,"minecraft:oak_sapling":2,"minecraft:golden_leggings":1},"minecraft:custom":{"minecraft:interact_with_furnace":57,"minecraft:mob_kills":52,"minecraft:interact_with_crafting_table":26,"minecraft:open_barrel":2,"minecraft:time_since_death":38517,"minecraft:sleep_in_bed":2,"minecraft:time_since_rest":28922,"minecraft:sprint_one_cm":155901,"minecraft:damage_absorbed":40,"minecraft:damage_taken":1972,"minecraft:walk_one_cm":223878,"minecraft:damage_blocked_by_shield":788,"minecraft:drop":19,"minecraft:damage_dealt":6242,"minecraft:talked_to_villager":3,"minecraft:swim_one_cm":14201,"minecraft:fly_one_cm":203510,"minecraft:player_kills":1,"minecraft:open_chest":2,"minecraft:crouch_one_cm":5667,"minecraft:play_time":220140,"minecraft:deaths":4,"minecraft:sneak_time":3174,"minecraft:walk_under_water_one_cm":2228,"minecraft:jump":1468,"minecraft:walk_on_water_one_cm":3993,"minecraft:total_world_time":220140,"minecraft:fall_one_cm":31611},"minecraft:used":{"minecraft:oak_fence":5,"minecraft:cooked_mutton":8,"minecraft:stone_sword":2,"minecraft:stone_pickaxe":172,"minecraft:oak_planks":20,"minecraft:shield":34,"minecraft:wooden_pickaxe":58,"minecraft:iron_chestplate":1,"minecraft:torch":4,"minecraft:golden_apple":1,"minecraft:dirt":28,"minecraft:crafting_table":5,"minecraft:white_bed":3,"minecraft:wooden_axe":62,"minecraft:iron_axe":21,"minecraft:bread":2,"minecraft:iron_pickaxe":16,"minecraft:iron_helmet":1,"minecraft:iron_boots":1,"minecraft:stone_axe":57,"minecraft:cobblestone":56,"minecraft:furnace":4,"minecraft:oak_sapling":2,"minecraft:cooked_porkchop":2,"minecraft:egg":1,"minecraft:cooked_beef":2,"minecraft:iron_leggings":1},"minecraft:killed":{"minecraft:cave_spider":1,"minecraft:pig":3,"minecraft:spider":1,"minecraft:bat":1,"minecraft:frog":1,"minecraft:creeper":1,"minecraft:skeleton":12,"minecraft:sheep":10,"minecraft:zombie":8,"minecraft:chicken":9,"minecraft:player":1,"minecraft:cow":5},"minecraft:crafted":{"minecraft:cooked_beef":4,"minecraft:oak_planks":100,"minecraft:cooked_porkchop":5,"minecraft:crafting_table":3,"minecraft:iron_helmet":1,"minecraft:wooden_pickaxe":1,"minecraft:cooked_chicken":4,"minecraft:furnace":4,"minecraft:stone_axe":1,"minecraft:cooked_mutton":15,"minecraft:air":0,"minecraft:iron_boots":1,"minecraft:iron_chestplate":1,"minecraft:shield":1,"minecraft:iron_axe":1,"minecraft:stick":8,"minecraft:iron_pickaxe":1,"minecraft:iron_ingot":67,"minecraft:stone_pickaxe":1,"minecraft:wooden_axe":1,"minecraft:iron_leggings":1,"minecraft:white_bed":2,"minecraft:torch":8},"minecraft:mined":{"minecraft:white_bed":1,"minecraft:glow_lichen":1,"minecraft:crafting_table":3,"minecraft:torch":2,"minecraft:granite":1,"minecraft:grass_block":18,"minecraft:cobblestone":20,"minecraft:tall_grass":15,"minecraft:lapis_ore":2,"minecraft:spawner":1,"minecraft:furnace":6,"minecraft:iron_ore":44,"minecraft:deepslate_lapis_ore":3,"minecraft:grass":31,"minecraft:deepslate_iron_ore":10,"minecraft:oak_log":22,"minecraft:coal_ore":38,"minecraft:rail":1,"minecraft:dirt":9,"minecraft:cobweb":1,"minecraft:stone":110,"minecraft:deepslate":2,"minecraft:oak_leaves":42},"minecraft:picked_up":{"minecraft:crafting_table":3,"minecraft:feather":9,"minecraft:chicken":9,"minecraft:leather":5,"minecraft:oak_log":25,"minecraft:gunpowder":1,"minecraft:lapis_lazuli":28,"minecraft:string":4,"minecraft:dirt":39,"minecraft:bone":11,"minecraft:wheat_seeds":5,"minecraft:cobbled_deepslate":2,"minecraft:iron_ingot":5,"minecraft:beef":12,"minecraft:stone_pickaxe":1,"minecraft:oak_planks":8,"minecraft:furnace":6,"minecraft:egg":1,"minecraft:stick":10,"minecraft:raw_iron":53,"minecraft:oak_fence":5,"minecraft:torch":2,"minecraft:porkchop":5,"minecraft:white_bed":2,"minecraft:spider_eye":1,"minecraft:stone_sword":1,"minecraft:arrow":16,"minecraft:rotten_flesh":7,"minecraft:gray_wool":1,"minecraft:oak_sapling":4,"minecraft:black_wool":1,"minecraft:mutton":15,"minecraft:coal":58,"minecraft:rail":1,"minecraft:white_wool":8,"minecraft:cobblestone":134},"minecraft:killed_by":{"minecraft:player":1,"minecraft:skeleton":1,"minecraft:zombie":1},"minecraft:broken":{"minecraft:stone_pickaxe":1,"minecraft:wooden_axe":1,"minecraft:wooden_pickaxe":1}},"DataVersion":3465}