{"stats":{"minecraft:dropped":{"minecraft:iron_ingot":1,"minecraft:wheat_seeds":2,"minecraft:golden_leggings":1,"minecraft:oak_planks":16,"minecraft:golden_apple":2},"minecraft:used":{"minecraft:wooden_axe":62,"minecraft:wooden_pickaxe":24,"minecraft:dirt":28,"minecraft:crafting_table":3},"minecraft:custom":{"minecraft:time_since_rest":143756,"minecraft:sprint_one_cm":42887,"minecraft:damage_taken":200,"minecraft:walk_one_cm":24773,"minecraft:mob_kills":21,"minecraft:drop":7,"minecraft:damage_dealt":1688,"minecraft:interact_with_crafting_table":3,"minecraft:fly_one_cm":76979,"minecraft:open_chest":1,"minecraft:crouch_one_cm":752,"minecraft:play_time":148140,"minecraft:deaths":1,"minecraft:sneak_time":1245,"minecraft:jump":302,"minecraft:time_since_death":143719,"minecraft:total_world_time":148140,"minecraft:fall_one_cm":9070},"minecraft:crafted":{"minecraft:oak_planks":100,"minecraft:crafting_table":2,"minecraft:iron_ingot":2,"minecraft:wooden_pickaxe":1,"minecraft:wooden_axe":1},"minecraft:killed":{"minecraft:sheep":10,"minecraft:pig":3,"minecraft:chicken":4,"minecraft:cow":4},"minecraft:mined":{"minecraft:crafting_table":1,"minecraft:grass":26,"minecraft:grass_block":18,"minecraft:oak_log":22,"minecraft:dirt":6,"minecraft:tall_grass":14,"minecraft:stone":23,"minecraft:oak_leaves":42},"minecraft:picked_up":{"minecraft:stick":8,"minecraft:crafting_table":1,"minecraft:feather":6,"minecraft:chicken":4,"minecraft:leather":5,"minecraft:porkchop":5,"minecraft:oak_log":25,"minecraft:dirt":38,"minecraft:wheat_seeds":4,"minecraft:beef":9,"minecraft:gray_wool":1,"minecraft:oak_sapling":4,"minecraft:black_wool":1,"minecraft:mutton":15,"minecraft:oak_planks":7,"minecraft:white_wool":8,"minecraft:cobblestone":18,"minecraft:egg":1},"minecraft:killed_by":{"minecraft:zombie":1},"minecraft:broken":{"minecraft:wooden_axe":1}},"DataVersion":3465}