{"stats":{"minecraft:dropped":{"minecraft:chiseled_polished_blackstone":1,"minecraft:crimson_roots":1,"minecraft:rotten_flesh":3},"minecraft:used":{"minecraft:diamond_pickaxe":1,"simplyswords:thunderbrand":27,"minecraft:cobblestone_stairs":20,"minecraft:grass_block":40,"minecraft:oak_planks":19,"morebows:diamond_bow":11,"minecraft:spruce_planks":8,"minecraft:shield":22,"minecraft:cobblestone_slab":13,"minecraft:dirt":43,"minecraft:golden_carrot":1,"minecraft:cobblestone":112,"minecraft:stripped_dark_oak_log":6,"minecraft:stripped_oak_wood":15,"minecraft:cooked_porkchop":1,"minecraft:stripped_spruce_log":78,"minecraft:spruce_log":1},"minecraft:custom":{"minecraft:time_since_rest":21225,"minecraft:sprint_one_cm":29517,"minecraft:damage_taken":203,"minecraft:walk_one_cm":107624,"minecraft:damage_blocked_by_shield":455,"minecraft:mob_kills":28,"minecraft:drop":3,"minecraft:damage_dealt":2725,"minecraft:fly_one_cm":41832,"minecraft:crouch_one_cm":274,"minecraft:play_time":21225,"minecraft:sneak_time":118,"minecraft:jump":209,"minecraft:leave_game":2,"minecraft:time_since_death":21225,"minecraft:total_world_time":21225,"minecraft:fall_one_cm":2105,"minecraft:horse_one_cm":15375},"minecraft:killed":{"minecraft:zombie":1,"adventurez:wither_puppet":15,"adventurez:necromancer":1,"minecraft:blaze":9},"minecraft:mined":{"minecraft:fire":1,"minecraft:grass":18,"minecraft:sunflower":1,"minecraft:tall_grass":15},"minecraft:picked_up":{"minecraft:chiseled_polished_blackstone":1,"minecraft:golden_carrot":1,"minecraft:dandelion":1,"minecraft:enchanted_book":1,"minecraft:bone":1,"minecraft:rotten_flesh":3,"minecraft:wheat_seeds":5,"minecraft:gold_nugget":1,"minecraft:blaze_rod":15,"minecraft:soul_sand":2,"minecraft:cobblestone":1,"minecraft:sunflower":2}},"DataVersion":3465}