{"stats":{"minecraft:dropped":{"minecraft:iron_ingot":1,"minecraft:wheat_seeds":2,"minecraft:cooked_chicken":4,"minecraft:cobblestone":22,"minecraft:oak_planks":16,"minecraft:golden_apple":2,"minecraft:golden_leggings":1},"minecraft:custom":{"minecraft:interact_with_furnace":11,"minecraft:mob_kills":42,"minecraft:interact_with_crafting_table":14,"minecraft:time_since_death":2517,"minecraft:sleep_in_bed":1,"minecraft:time_since_rest":2564,"minecraft:sprint_one_cm":104111,"minecraft:damage_absorbed":40,"minecraft:damage_taken":1652,"minecraft:walk_one_cm":179402,"minecraft:damage_blocked_by_shield":788,"minecraft:drop":13,"minecraft:damage_dealt":5276,"minecraft:swim_one_cm":276,"minecraft:fly_one_cm":128371,"minecraft:player_kills":1,"minecraft:open_chest":1,"minecraft:crouch_one_cm":5213,"minecraft:play_time":184140,"minecraft:deaths":4,"minecraft:sneak_time":2987,"minecraft:walk_under_water_one_cm":631,"minecraft:jump":1056,"minecraft:walk_on_water_one_cm":2743,"minecraft:total_world_time":184140,"minecraft:fall_one_cm":20756},"minecraft:used":{"minecraft:cooked_mutton":8,"minecraft:stone_sword":1,"minecraft:stone_pickaxe":172,"minecraft:shield":34,"minecraft:wooden_pickaxe":58,"minecraft:torch":4,"minecraft:golden_apple":1,"minecraft:dirt":28,"minecraft:crafting_table":5,"minecraft:white_bed":2,"minecraft:wooden_axe":62,"minecraft:bread":2,"minecraft:stone_axe":57,"minecraft:cobblestone":56,"minecraft:furnace":4,"minecraft:oak_sapling":2,"minecraft:egg":1},"minecraft:killed":{"minecraft:cave_spider":1,"minecraft:pig":3,"minecraft:bat":1,"minecraft:creeper":1,"minecraft:skeleton":10,"minecraft:sheep":10,"minecraft:zombie":8,"minecraft:chicken":4,"minecraft:player":1,"minecraft:cow":4},"minecraft:crafted":{"minecraft:oak_planks":100,"minecraft:cooked_porkchop":5,"minecraft:crafting_table":3,"minecraft:wooden_pickaxe":1,"minecraft:cooked_chicken":4,"minecraft:furnace":4,"minecraft:stone_axe":1,"minecraft:cooked_mutton":15,"minecraft:air":0,"minecraft:shield":1,"minecraft:stick":4,"minecraft:iron_ingot":6,"minecraft:stone_pickaxe":1,"minecraft:wooden_axe":1,"minecraft:white_bed":2,"minecraft:torch":8},"minecraft:mined":{"minecraft:glow_lichen":1,"minecraft:crafting_table":2,"minecraft:torch":2,"minecraft:granite":1,"minecraft:grass_block":18,"minecraft:cobblestone":20,"minecraft:tall_grass":14,"minecraft:lapis_ore":2,"minecraft:spawner":1,"minecraft:iron_ore":40,"minecraft:deepslate_lapis_ore":3,"minecraft:grass":26,"minecraft:deepslate_iron_ore":10,"minecraft:oak_log":22,"minecraft:coal_ore":38,"minecraft:rail":1,"minecraft:dirt":9,"minecraft:cobweb":1,"minecraft:stone":106,"minecraft:deepslate":2,"minecraft:oak_leaves":42},"minecraft:picked_up":{"minecraft:crafting_table":2,"minecraft:feather":6,"minecraft:chicken":4,"minecraft:leather":5,"minecraft:oak_log":25,"minecraft:gunpowder":1,"minecraft:lapis_lazuli":28,"minecraft:string":3,"minecraft:dirt":39,"minecraft:bone":9,"minecraft:wheat_seeds":4,"minecraft:cobbled_deepslate":2,"minecraft:beef":9,"minecraft:stone_pickaxe":1,"minecraft:oak_planks":8,"minecraft:egg":1,"minecraft:stick":8,"minecraft:raw_iron":53,"minecraft:oak_fence":5,"minecraft:torch":2,"minecraft:porkchop":5,"minecraft:white_bed":1,"minecraft:spider_eye":1,"minecraft:stone_sword":1,"minecraft:arrow":14,"minecraft:rotten_flesh":7,"minecraft:gray_wool":1,"minecraft:oak_sapling":4,"minecraft:black_wool":1,"minecraft:mutton":15,"minecraft:coal":38,"minecraft:rail":1,"minecraft:white_wool":8,"minecraft:cobblestone":130},"minecraft:killed_by":{"minecraft:player":1,"minecraft:skeleton":1,"minecraft:zombie":1},"minecraft:broken":{"minecraft:stone_pickaxe":1,"minecraft:wooden_axe":1,"minecraft:wooden_pickaxe":1}},"DataVersion":3465}