{"stats":{"minecraft:dropped":{"minecraft:crimson_roots":1},"minecraft:used":{"simplyswords:thunderbrand":26,"minecraft:diamond_pickaxe":1,"minecraft:golden_carrot":1,"minecraft:cooked_porkchop":1,"morebows:diamond_bow":9,"minecraft:shield":22},"minecraft:custom":{"minecraft:time_since_rest":3225,"minecraft:sprint_one_cm":11071,"minecraft:play_time":3225,"minecraft:walk_one_cm":11509,"minecraft:damage_taken":200,"minecraft:damage_blocked_by_shield":455,"minecraft:mob_kills":26,"minecraft:drop":1,"minecraft:jump":77,"minecraft:damage_dealt":2525,"minecraft:leave_game":2,"minecraft:time_since_death":3225,"minecraft:total_world_time":3225,"minecraft:fall_one_cm":1478,"minecraft:fly_one_cm":12112},"minecraft:killed":{"adventurez:wither_puppet":15,"minecraft:blaze":8,"adventurez:necromancer":1},"minecraft:mined":{"minecraft:fire":1},"minecraft:picked_up":{"minecraft:gold_nugget":1,"minecraft:enchanted_book":1,"minecraft:blaze_rod":15}},"DataVersion":3465}