{"stats":{"minecraft:used":{"minecraft:dirt":7},"minecraft:custom":{"minecraft:jump":119,"minecraft:deaths":1,"minecraft:time_since_rest":35756,"minecraft:damage_dealt":36,"minecraft:crouch_one_cm":15,"minecraft:sprint_one_cm":16804,"minecraft:play_time":40140,"minecraft:damage_taken":200,"minecraft:time_since_death":35719,"minecraft:walk_one_cm":4519,"minecraft:sneak_time":1,"minecraft:total_world_time":40140,"minecraft:fall_one_cm":3611,"minecraft:fly_one_cm":37186},"minecraft:picked_up":{"minecraft:oak_log":3,"minecraft:dirt":14},"minecraft:mined":{"minecraft:tall_grass":2,"minecraft:grass":2},"minecraft:killed_by":{"minecraft:zombie":1}},"DataVersion":3465}