{"stats":{"minecraft:dropped":{"minecraft:iron_ingot":1,"minecraft:wheat_seeds":2,"minecraft:cooked_chicken":4,"minecraft:cobblestone":22,"minecraft:oak_planks":16,"minecraft:golden_apple":2,"minecraft:golden_leggings":1},"minecraft:custom":{"minecraft:interact_with_furnace":4,"minecraft:mob_kills":34,"minecraft:interact_with_crafting_table":10,"minecraft:time_since_death":1086,"minecraft:sleep_in_bed":1,"minecraft:time_since_rest":1224,"minecraft:sprint_one_cm":81521,"minecraft:damage_absorbed":40,"minecraft:damage_taken":1130,"minecraft:walk_one_cm":155660,"minecraft:damage_blocked_by_shield":365,"minecraft:drop":13,"minecraft:damage_dealt":3836,"minecraft:fly_one_cm":98154,"minecraft:player_kills":1,"minecraft:open_chest":1,"minecraft:crouch_one_cm":2613,"minecraft:play_time":172140,"minecraft:deaths":3,"minecraft:sneak_time":2182,"minecraft:jump":702,"minecraft:walk_on_water_one_cm":2277,"minecraft:total_world_time":172140,"minecraft:fall_one_cm":13955},"minecraft:used":{"minecraft:cooked_mutton":5,"minecraft:stone_sword":1,"minecraft:stone_pickaxe":128,"minecraft:shield":11,"minecraft:wooden_pickaxe":58,"minecraft:torch":3,"minecraft:golden_apple":1,"minecraft:dirt":28,"minecraft:crafting_table":3,"minecraft:white_bed":2,"minecraft:wooden_axe":62,"minecraft:stone_axe":35,"minecraft:cobblestone":11,"minecraft:furnace":2,"minecraft:oak_sapling":2,"minecraft:egg":1},"minecraft:killed":{"minecraft:cave_spider":1,"minecraft:pig":3,"minecraft:bat":1,"minecraft:skeleton":4,"minecraft:sheep":10,"minecraft:zombie":7,"minecraft:chicken":4,"minecraft:player":1,"minecraft:cow":4},"minecraft:crafted":{"minecraft:oak_planks":100,"minecraft:crafting_table":2,"minecraft:wooden_pickaxe":1,"minecraft:cooked_chicken":4,"minecraft:furnace":2,"minecraft:stone_axe":1,"minecraft:cooked_mutton":8,"minecraft:air":0,"minecraft:shield":1,"minecraft:iron_ingot":2,"minecraft:wooden_axe":1,"minecraft:white_bed":2,"minecraft:torch":8},"minecraft:mined":{"minecraft:crafting_table":1,"minecraft:torch":2,"minecraft:granite":1,"minecraft:grass_block":18,"minecraft:cobblestone":8,"minecraft:tall_grass":14,"minecraft:lapis_ore":2,"minecraft:spawner":1,"minecraft:iron_ore":32,"minecraft:deepslate_lapis_ore":2,"minecraft:grass":26,"minecraft:oak_log":22,"minecraft:coal_ore":35,"minecraft:rail":1,"minecraft:dirt":9,"minecraft:cobweb":1,"minecraft:stone":100,"minecraft:oak_leaves":42},"minecraft:picked_up":{"minecraft:crafting_table":1,"minecraft:feather":6,"minecraft:chicken":4,"minecraft:leather":5,"minecraft:oak_log":25,"minecraft:lapis_lazuli":24,"minecraft:string":2,"minecraft:dirt":39,"minecraft:bone":6,"minecraft:wheat_seeds":4,"minecraft:beef":9,"minecraft:stone_pickaxe":1,"minecraft:oak_planks":8,"minecraft:egg":1,"minecraft:stick":8,"minecraft:raw_iron":33,"minecraft:oak_fence":5,"minecraft:torch":2,"minecraft:porkchop":5,"minecraft:spider_eye":1,"minecraft:stone_sword":1,"minecraft:arrow":6,"minecraft:rotten_flesh":7,"minecraft:gray_wool":1,"minecraft:oak_sapling":4,"minecraft:black_wool":1,"minecraft:mutton":15,"minecraft:coal":35,"minecraft:rail":1,"minecraft:white_wool":8,"minecraft:cobblestone":110},"minecraft:killed_by":{"minecraft:player":1,"minecraft:skeleton":1,"minecraft:zombie":1},"minecraft:broken":{"minecraft:wooden_axe":1,"minecraft:wooden_pickaxe":1}},"DataVersion":3465}