{"stats":{"minecraft:dropped":{"minecraft:iron_ingot":23,"minecraft:bread":3,"minecraft:wheat_seeds":5,"minecraft:lapis_lazuli":1,"minecraft:cooked_beef":2,"minecraft:mossy_cobblestone":4,"minecraft:glass_bottle":1,"minecraft:cooked_porkchop":3,"minecraft:dark_oak_slab":5,"minecraft:cobblestone":44,"minecraft:glow_berries":3,"travelersbackpack:blue_sleeping_bag":1,"travelersbackpack:standard":1,"minecraft:golden_apple":2,"minecraft:stick":4,"minecraft:dirt":65,"minecraft:gray_wool":1,"minecraft:dark_oak_fence":23,"minecraft:cooked_salmon":5,"minecraft:iron_leggings":1,"minecraft:sand":29,"minecraft:string":2,"minecraft:lily_pad":13,"minecraft:white_wool":2,"minecraft:bone":36,"minecraft:gravel":10,"minecraft:stone_axe":1,"minecraft:iron_nugget":6,"minecraft:cooked_chicken":4,"minecraft:coarse_dirt":20,"minecraft:chicken":5,"minecraft:oak_planks":16,"minecraft:mossy_stone_bricks":2,"minecraft:golden_leggings":1,"minecraft:oak_sapling":2,"minecraft:stone_bricks":2,"minecraft:bow":2,"minecraft:stone_brick_stairs":3},"minecraft:custom":{"minecraft:mob_kills":105,"minecraft:interact_with_crafting_table":44,"minecraft:open_barrel":9,"minecraft:interact_with_campfire":13,"minecraft:leave_game":1,"minecraft:time_since_death":132938,"minecraft:climb_one_cm":3915,"minecraft:sprint_one_cm":271595,"minecraft:walk_one_cm":443623,"minecraft:damage_blocked_by_shield":2093,"minecraft:drop":57,"minecraft:talked_to_villager":4,"minecraft:play_time":314561,"minecraft:deaths":4,"minecraft:sneak_time":4009,"minecraft:walk_under_water_one_cm":26992,"minecraft:boat_one_cm":321830,"minecraft:jump":2346,"minecraft:interact_with_brewingstand":3,"minecraft:walk_on_water_one_cm":19120,"minecraft:total_world_time":314561,"minecraft:interact_with_furnace":73,"minecraft:sleep_in_bed":3,"minecraft:time_since_rest":18285,"minecraft:damage_taken":3533,"minecraft:damage_absorbed":40,"minecraft:trigger_trapped_chest":1,"minecraft:damage_dealt":14684,"minecraft:swim_one_cm":44490,"minecraft:fly_one_cm":337621,"minecraft:player_kills":3,"minecraft:open_chest":34,"minecraft:crouch_one_cm":6882,"minecraft:fall_one_cm":44555,"minecraft:inspect_dispenser":1},"minecraft:used":{"minecraft:oak_fence":5,"minecraft:stone_sword":2,"minecraft:flint_and_steel":28,"minecraft:shield":71,"minecraft:cooked_salmon":5,"minecraft:iron_chestplate":1,"minecraft:torch":4,"minecraft:dirt":31,"minecraft:wooden_axe":62,"minecraft:iron_axe":273,"minecraft:iron_helmet":1,"minecraft:iron_boots":1,"minecraft:bow":8,"minecraft:oak_sapling":2,"minecraft:furnace":8,"minecraft:cooked_cod":2,"minecraft:egg":1,"minecraft:cooked_beef":4,"minecraft:iron_leggings":1,"minecraft:cooked_mutton":14,"minecraft:water_bucket":9,"minecraft:mossy_stone_bricks":3,"minecraft:stone_pickaxe":172,"minecraft:oak_planks":32,"minecraft:wooden_pickaxe":58,"minecraft:glow_berries":3,"minecraft:golden_apple":1,"minecraft:sand":1,"minecraft:oak_slab":1,"minecraft:crafting_table":9,"minecraft:white_bed":4,"minecraft:bread":12,"minecraft:iron_pickaxe":32,"minecraft:stone_axe":57,"minecraft:chiseled_stone_bricks":1,"minecraft:cobblestone":56,"minecraft:potion":1,"travelersbackpack:standard":1,"minecraft:cooked_porkchop":2,"minecraft:bucket":12,"minecraft:birch_log":1,"minecraft:oak_boat":3},"minecraft:killed":{"minecraft:cave_spider":1,"minecraft:witch":1,"minecraft:spider":1,"minecraft:vindicator":5,"minecraft:cod":3,"minecraft:slime":7,"minecraft:skeleton":27,"minecraft:chicken":10,"minecraft:drowned":2,"minecraft:pig":3,"minecraft:zombie_villager":1,"minecraft:bat":1,"minecraft:frog":1,"minecraft:creeper":1,"minecraft:sheep":10,"minecraft:pillager":9,"minecraft:zombie":12,"minecraft:player":2,"minecraft:cow":7},"minecraft:crafted":{"minecraft:oak_planks":100,"minecraft:cooked_chicken":4,"minecraft:furnace":4,"minecraft:cooked_mutton":15,"minecraft:flint_and_steel":1,"minecraft:glass":18,"minecraft:bow":2,"minecraft:iron_boots":1,"minecraft:iron_axe":2,"minecraft:stone_pickaxe":1,"minecraft:chest":2,"minecraft:cooked_beef":4,"minecraft:red_dye":2,"minecraft:cooked_porkchop":5,"minecraft:crafting_table":3,"travelersbackpack:backpack_tank":4,"travelersbackpack:standard":3,"minecraft:wooden_pickaxe":1,"minecraft:iron_helmet":1,"minecraft:red_wool":2,"travelersbackpack:blue_sleeping_bag":1,"minecraft:stone_axe":1,"minecraft:orange_dye":1,"minecraft:air":0,"travelersbackpack:red_sleeping_bag":1,"minecraft:blue_dye":2,"minecraft:oak_boat":1,"minecraft:white_wool":3,"minecraft:iron_chestplate":1,"minecraft:shield":1,"minecraft:stick":16,"minecraft:iron_pickaxe":1,"minecraft:iron_ingot":67,"minecraft:wooden_axe":1,"minecraft:blue_wool":2,"minecraft:iron_leggings":1,"minecraft:white_bed":2,"minecraft:torch":8},"minecraft:mined":{"minecraft:white_bed":1,"minecraft:glow_lichen":1,"minecraft:granite":1,"minecraft:stripped_crimson_hyphae":1,"minecraft:grass_block":18,"minecraft:spawner":1,"minecraft:furnace":10,"minecraft:iron_ore":44,"minecraft:fire":58,"minecraft:deepslate_lapis_ore":3,"minecraft:bookshelf":8,"minecraft:red_tulip":2,"minecraft:deepslate_iron_ore":10,"minecraft:rail":1,"minecraft:lantern":1,"minecraft:stone":110,"minecraft:oak_slab":1,"minecraft:crafting_table":7,"minecraft:torch":2,"minecraft:jungle_stairs":1,"minecraft:dead_bush":1,"minecraft:tall_grass":15,"minecraft:cobblestone":20,"minecraft:lapis_ore":2,"minecraft:cyan_bed":1,"minecraft:sugar_cane":23,"minecraft:oak_planks":18,"minecraft:birch_planks":1,"minecraft:birch_log":1,"minecraft:orange_tulip":1,"minecraft:stone_brick_stairs":3,"minecraft:grass":34,"minecraft:oak_log":22,"minecraft:coal_ore":38,"minecraft:gravel":58,"minecraft:sand":27,"minecraft:dirt":9,"minecraft:cobweb":1,"minecraft:stone_bricks":2,"minecraft:mossy_stone_bricks":2,"minecraft:emerald_block":3,"minecraft:oak_leaves":42,"minecraft:deepslate":2,"minecraft:fern":2,"minecraft:suspicious_gravel":3},"minecraft:picked_up":{"minecraft:coarse_dirt":20,"minecraft:crafting_table":9,"minecraft:chicken":9,"minecraft:smithing_table":1,"minecraft:stone_brick_stairs":3,"minecraft:music_disc_cat":1,"minecraft:string":13,"minecraft:cooked_salmon":7,"minecraft:iron_leggings":1,"minecraft:cobbled_deepslate":2,"minecraft:beef":18,"minecraft:oak_boat":3,"minecraft:sugar_cane":42,"minecraft:chest":1,"minecraft:furnace":10,"minecraft:egg":1,"minecraft:stripped_crimson_hyphae":1,"minecraft:stick":10,"minecraft:raw_iron":53,"minecraft:oak_fence":5,"minecraft:torch":2,"minecraft:porkchop":7,"minecraft:stone_sword":1,"minecraft:arrow":42,"minecraft:rotten_flesh":9,"minecraft:red_tulip":2,"minecraft:glow_berries":3,"minecraft:mutton":15,"minecraft:rail":1,"minecraft:white_wool":11,"minecraft:cobblestone":162,"minecraft:birch_log":1,"minecraft:feather":18,"minecraft:cooked_beef":8,"minecraft:water_bucket":1,"minecraft:leather":8,"minecraft:potato":24,"minecraft:filled_map":2,"minecraft:flint":12,"minecraft:oak_log":25,"minecraft:lily_pad":13,"minecraft:gunpowder":8,"minecraft:lapis_lazuli":93,"minecraft:dirt":160,"minecraft:lantern":7,"minecraft:glass":6,"minecraft:cooked_mutton":1,"minecraft:bone":66,"minecraft:stone_bricks":2,"minecraft:bow":5,"minecraft:orange_tulip":1,"minecraft:wheat_seeds":5,"minecraft:grindstone":1,"minecraft:stone_pickaxe":1,"minecraft:iron_ingot":38,"minecraft:mossy_stone_bricks":5,"minecraft:iron_sword":1,"minecraft:oak_planks":42,"minecraft:book":18,"minecraft:oak_slab":1,"minecraft:dark_oak_slab":5,"minecraft:emerald_block":3,"minecraft:cooked_porkchop":4,"minecraft:chiseled_stone_bricks":1,"minecraft:gravel":10,"minecraft:jungle_planks":1,"minecraft:sand":55,"travelersbackpack:blue_sleeping_bag":1,"minecraft:white_bed":2,"minecraft:cyan_bed":1,"minecraft:spider_eye":1,"minecraft:mossy_cobblestone":4,"minecraft:diamond":1,"minecraft:gray_wool":1,"minecraft:bread":3,"minecraft:emerald":9,"minecraft:dark_oak_fence":23,"minecraft:oak_sapling":4,"minecraft:black_wool":1,"minecraft:coal":155},"minecraft:killed_by":{"minecraft:player":1,"minecraft:skeleton":1,"minecraft:zombie":1},"minecraft:broken":{"minecraft:wooden_pickaxe":1,"minecraft:stone_pickaxe":1,"minecraft:wooden_axe":1}},"DataVersion":3465}